loc_id,time_stamp,num_of_people
22,2017-01-01 00,7
22,2017-01-01 01,6
22,2017-01-01 02,4
22,2017-01-01 03,5
22,2017-01-01 04,7
22,2017-01-01 05,4
22,2017-01-01 06,4
22,2017-01-01 07,6
22,2017-01-01 08,34
22,2017-01-01 09,28
22,2017-01-01 10,40
22,2017-01-01 11,45
22,2017-01-01 12,17
22,2017-01-01 17,43
22,2017-01-01 18,93
22,2017-01-01 19,65
22,2017-01-01 20,74
22,2017-01-01 21,38
22,2017-01-01 22,37
22,2017-01-01 23,18
22,2017-01-02 00,12
22,2017-01-02 01,7.0
22,2017-01-02 02,7.0
22,2017-01-02 03,7.25
22,2017-01-02 04,8
22,2017-01-02 05,9.5
22,2017-01-02 06,10
22,2017-01-02 07,18
22,2017-01-02 08,36
22,2017-01-02 09,59
22,2017-01-02 10,78
22,2017-01-02 11,109
22,2017-01-02 12,125
22,2017-01-02 13,103
22,2017-01-02 14,87
22,2017-01-02 15,96
22,2017-01-02 16,106
22,2017-01-02 17,149
22,2017-01-02 18,159
22,2017-01-02 19,116
22,2017-01-02 20,101
22,2017-01-02 21,114
22,2017-01-02 22,72
22,2017-01-02 23,12
22,2017-01-03 00,3
22,2017-01-03 01,2
22,2017-01-03 02,2
22,2017-01-03 03,1
22,2017-01-03 04,1
22,2017-01-03 05,2
22,2017-01-03 06,5
22,2017-01-03 07,64
22,2017-01-03 08,168
22,2017-01-03 09,259
22,2017-01-03 10,275
22,2017-01-03 11,346
22,2017-01-03 12,297
22,2017-01-03 13,344
22,2017-01-03 14,267
22,2017-01-03 15,299
22,2017-01-03 16,192
22,2017-01-03 17,366
22,2017-01-03 18,243
22,2017-01-03 19,145
22,2017-01-03 20,139
22,2017-01-03 21,146
22,2017-01-03 22,88
22,2017-01-03 23,16
22,2017-01-04 00,2
22,2017-01-04 01,2
22,2017-01-04 02,4
22,2017-01-04 03,2
22,2017-01-04 04,1
22,2017-01-04 05,1
22,2017-01-04 06,2
22,2017-01-04 07,44
22,2017-01-04 08,174
22,2017-01-04 09,199
22,2017-01-04 10,199
22,2017-01-04 11,270
22,2017-01-04 12,320
22,2017-01-04 13,276
22,2017-01-04 14,315
22,2017-01-04 15,295
22,2017-01-04 16,249
22,2017-01-04 17,374
22,2017-01-04 18,219
22,2017-01-04 19,193
22,2017-01-04 20,151
22,2017-01-04 21,130
22,2017-01-04 22,111
22,2017-01-04 23,20
22,2017-01-05 00,6
22,2017-01-05 01,4
22,2017-01-05 02,4
22,2017-01-05 03,3
22,2017-01-05 04,3
22,2017-01-05 05,6
22,2017-01-05 06,12
22,2017-01-05 07,57
22,2017-01-05 08,150
22,2017-01-05 09,264
22,2017-01-05 10,210
22,2017-01-05 11,307
22,2017-01-05 12,354
22,2017-01-05 13,261
22,2017-01-05 14,176
22,2017-01-05 15,287
22,2017-01-05 16,220
22,2017-01-05 17,368
22,2017-01-05 18,239
22,2017-01-05 19,131
22,2017-01-05 20,128
22,2017-01-05 21,150
22,2017-01-05 22,117
22,2017-01-05 23,22
22,2017-01-06 00,7
22,2017-01-06 01,5
22,2017-01-06 02,6
22,2017-01-06 03,4
22,2017-01-06 04,4
22,2017-01-06 05,5
22,2017-01-06 06,10
22,2017-01-06 07,70
22,2017-01-06 08,155
22,2017-01-06 09,301
22,2017-01-06 10,227
22,2017-01-06 11,330
22,2017-01-06 12,289
22,2017-01-06 13,265
22,2017-01-06 14,251
22,2017-01-06 15,288
22,2017-01-06 16,186
22,2017-01-06 17,307
22,2017-01-06 18,233
22,2017-01-06 19,119
22,2017-01-06 20,124
22,2017-01-06 21,145
22,2017-01-06 22,129
22,2017-01-06 23,35
22,2017-01-07 00,7
22,2017-01-07 01,5
22,2017-01-07 02,4
22,2017-01-07 03,7
22,2017-01-07 04,4
22,2017-01-07 05,1
22,2017-01-07 06,8
22,2017-01-07 07,24
22,2017-01-07 08,67
22,2017-01-07 09,91
22,2017-01-07 10,126
22,2017-01-07 11,171
22,2017-01-07 12,186
22,2017-01-07 13,166
22,2017-01-07 14,189
22,2017-01-07 15,203
22,2017-01-07 16,169
22,2017-01-07 17,258
22,2017-01-07 18,168
22,2017-01-07 19,150
22,2017-01-07 20,117
22,2017-01-07 21,142
22,2017-01-07 22,125
22,2017-01-07 23,24
22,2017-01-08 00,6
22,2017-01-08 01,1
22,2017-01-08 02,2
22,2017-01-08 03,4
22,2017-01-08 04,1
22,2017-01-08 05,3
22,2017-01-08 06,4
22,2017-01-08 07,23
22,2017-01-08 08,61
22,2017-01-08 09,125
22,2017-01-08 10,130
22,2017-01-08 11,172
22,2017-01-08 12,221
22,2017-01-08 13,185
22,2017-01-08 14,184
22,2017-01-08 15,163
22,2017-01-08 16,155
22,2017-01-08 17,184
22,2017-01-08 18,217
22,2017-01-08 19,161
22,2017-01-08 20,155
22,2017-01-08 21,177
22,2017-01-08 22,142
22,2017-01-08 23,32
22,2017-01-09 00,4
22,2017-01-09 01,7.0
22,2017-01-09 02,3
22,2017-01-09 03,5
22,2017-01-09 04,5
22,2017-01-09 05,7
22,2017-01-09 06,23
22,2017-01-09 07,185
22,2017-01-09 08,170
22,2017-01-09 09,211
22,2017-01-09 10,458
22,2017-01-09 11,282
22,2017-01-09 12,290
22,2017-01-09 13,185
22,2017-01-09 14,211
22,2017-01-09 15,210
22,2017-01-09 16,192
22,2017-01-09 17,276
22,2017-01-09 18,209
22,2017-01-09 19,174
22,2017-01-09 20,147
22,2017-01-09 21,134
22,2017-01-09 22,119
22,2017-01-09 23,19
22,2017-01-10 00,8
22,2017-01-10 01,2
22,2017-01-10 02,3
22,2017-01-10 03,4
22,2017-01-10 04,2
22,2017-01-10 05,8
22,2017-01-10 06,13
22,2017-01-10 07,67
22,2017-01-10 08,93
22,2017-01-10 09,129
22,2017-01-10 10,125
22,2017-01-10 11,215
22,2017-01-10 12,248
22,2017-01-10 13,93
22,2017-01-10 14,99
22,2017-01-10 15,201
22,2017-01-10 16,170
22,2017-01-10 17,357
22,2017-01-10 18,218
22,2017-01-10 19,150
22,2017-01-10 20,96
22,2017-01-10 21,130
22,2017-01-10 22,107
22,2017-01-10 23,16
22,2017-01-11 00,1
22,2017-01-11 02,2
22,2017-01-11 03,4
22,2017-01-11 04,5
22,2017-01-11 05,2
22,2017-01-11 06,12
22,2017-01-11 07,179
22,2017-01-11 08,123
22,2017-01-11 09,217
22,2017-01-11 10,247
22,2017-01-11 11,227
22,2017-01-11 12,214
22,2017-01-11 13,210
22,2017-01-11 14,174
22,2017-01-11 15,174
22,2017-01-11 16,117
22,2017-01-11 17,339
22,2017-01-11 18,171
22,2017-01-11 19,148
22,2017-01-11 20,107
22,2017-01-11 21,94
22,2017-01-11 22,125
22,2017-01-11 23,13
22,2017-01-12 00,1
22,2017-01-12 05,1
22,2017-01-12 06,5
22,2017-01-12 07,173
22,2017-01-12 08,122
22,2017-01-12 09,128
22,2017-01-12 10,221
22,2017-01-12 11,206
22,2017-01-12 12,253
22,2017-01-12 13,136
22,2017-01-12 14,198
22,2017-01-12 15,321
22,2017-01-12 16,259
22,2017-01-12 17,419
22,2017-01-12 18,190
22,2017-01-12 19,120
22,2017-01-12 20,113
22,2017-01-12 21,99
22,2017-01-12 22,111
22,2017-01-12 23,18
22,2017-01-13 00,7
22,2017-01-13 01,4
22,2017-01-13 02,3
22,2017-01-13 03,5
22,2017-01-13 04,2
22,2017-01-13 05,3
22,2017-01-13 06,14
22,2017-01-13 07,87
22,2017-01-13 08,148
22,2017-01-13 09,176
22,2017-01-13 10,192
22,2017-01-13 11,248
22,2017-01-13 12,229
22,2017-01-13 13,221
22,2017-01-13 14,238
22,2017-01-13 15,494
22,2017-01-13 16,369.75
22,2017-01-13 17,394
22,2017-01-13 18,168
22,2017-01-13 19,118
22,2017-01-13 20,69
22,2017-01-13 21,87
22,2017-01-13 22,87
22,2017-01-13 23,26
22,2017-01-14 00,5
22,2017-01-14 01,6
22,2017-01-14 02,7.0
22,2017-01-14 03,2
22,2017-01-14 04,2
22,2017-01-14 05,3
22,2017-01-14 06,10
22,2017-01-14 07,46
22,2017-01-14 08,62
22,2017-01-14 09,90
22,2017-01-14 10,111
22,2017-01-14 11,143
22,2017-01-14 12,172
22,2017-01-14 13,183
22,2017-01-14 14,162
22,2017-01-14 15,135
22,2017-01-14 16,127
22,2017-01-14 17,172
22,2017-01-14 18,134
22,2017-01-14 19,135
22,2017-01-14 20,94
22,2017-01-14 21,123
22,2017-01-14 22,90
22,2017-01-14 23,16
22,2017-01-15 00,5
22,2017-01-15 01,2
22,2017-01-15 02,2
22,2017-01-15 03,2
22,2017-01-15 04,1
22,2017-01-15 05,3
22,2017-01-15 06,6
22,2017-01-15 07,17
22,2017-01-15 08,41
22,2017-01-15 09,60
22,2017-01-15 10,66
22,2017-01-15 11,129
22,2017-01-15 12,146
22,2017-01-15 13,129
22,2017-01-15 14,143
22,2017-01-15 15,159
22,2017-01-15 16,119
22,2017-01-15 17,184
22,2017-01-15 18,177
22,2017-01-15 19,110
22,2017-01-15 20,119
22,2017-01-15 21,94
22,2017-01-15 22,90
22,2017-01-15 23,23
22,2017-01-16 00,4
22,2017-01-16 01,3
22,2017-01-16 02,2
22,2017-01-16 03,2
22,2017-01-16 04,2
22,2017-01-16 05,3
22,2017-01-16 06,5
22,2017-01-16 07,75
22,2017-01-16 08,134
22,2017-01-16 09,195
22,2017-01-16 10,209
22,2017-01-16 11,276
22,2017-01-16 12,328
22,2017-01-16 13,145
22,2017-01-16 14,180
22,2017-01-16 15,386
22,2017-01-16 16,119
22,2017-01-16 17,262
22,2017-01-16 18,128
22,2017-01-16 19,94
22,2017-01-16 20,62
22,2017-01-16 21,94
22,2017-01-16 22,65
22,2017-01-16 23,14
22,2017-01-17 00,3
22,2017-01-17 01,3
22,2017-01-17 05,3
22,2017-01-17 06,24
22,2017-01-17 07,102
22,2017-01-17 08,79
22,2017-01-17 09,123
22,2017-01-17 10,173
22,2017-01-17 11,253
22,2017-01-17 12,230
22,2017-01-17 13,173
22,2017-01-17 14,241
22,2017-01-17 15,268
22,2017-01-17 16,173
22,2017-01-17 17,254
22,2017-01-17 18,176
22,2017-01-17 19,113
22,2017-01-17 20,97
22,2017-01-17 21,114
22,2017-01-17 22,68
22,2017-01-17 23,17
22,2017-01-18 00,5
22,2017-01-18 01,3
22,2017-01-18 02,4
22,2017-01-18 03,2
22,2017-01-18 04,1
22,2017-01-18 05,4
22,2017-01-18 06,13
22,2017-01-18 07,142
22,2017-01-18 08,129
22,2017-01-18 09,174
22,2017-01-18 10,172
22,2017-01-18 11,204
22,2017-01-18 12,205
22,2017-01-18 13,113
22,2017-01-18 14,163
22,2017-01-18 15,166
22,2017-01-18 16,164
22,2017-01-18 17,231
22,2017-01-18 18,100
22,2017-01-18 19,76
22,2017-01-18 20,57
22,2017-01-18 21,63
22,2017-01-18 22,49
22,2017-01-18 23,14
22,2017-01-19 00,3
22,2017-01-19 01,2
22,2017-01-19 02,1
22,2017-01-19 03,2
22,2017-01-19 04,1
22,2017-01-19 05,3
22,2017-01-19 06,10
22,2017-01-19 07,115
22,2017-01-19 08,102
22,2017-01-19 09,179
22,2017-01-19 10,187
22,2017-01-19 11,184
22,2017-01-19 12,192
22,2017-01-19 13,74
22,2017-01-19 14,185
22,2017-01-19 15,298
22,2017-01-19 16,134
22,2017-01-19 17,229
22,2017-01-19 18,61
22,2017-01-19 19,47
22,2017-01-19 20,54
22,2017-01-19 21,49
22,2017-01-19 22,40
22,2017-01-19 23,11
22,2017-02-26 00,2
22,2017-02-26 01,1
22,2017-02-26 05,3
22,2017-02-26 06,2
22,2017-02-26 07,27
22,2017-02-26 08,50
22,2017-02-26 09,114
22,2017-02-26 10,95
22,2017-02-26 11,158
22,2017-02-26 12,144
22,2017-02-26 13,123
22,2017-02-26 14,158
22,2017-02-26 15,115
22,2017-02-26 16,94
22,2017-02-26 17,149
22,2017-02-26 18,102
22,2017-02-26 19,82
22,2017-02-26 20,59
22,2017-02-26 21,73
22,2017-02-26 22,38
22,2017-02-26 23,8
22,2017-02-27 00,7
22,2017-02-27 01,1
22,2017-02-27 02,2
22,2017-02-27 03,2
22,2017-02-27 04,2
22,2017-02-27 05,2
22,2017-02-27 06,13
22,2017-02-27 07,81
22,2017-02-27 08,157
22,2017-02-27 09,272
22,2017-02-27 10,326
22,2017-02-27 11,340
22,2017-02-27 12,300
22,2017-02-27 13,185
22,2017-02-27 14,203
22,2017-02-27 15,312
22,2017-02-27 16,185
22,2017-02-27 17,297
22,2017-02-27 18,226
22,2017-02-27 19,121
22,2017-02-27 20,122
22,2017-02-27 21,86
22,2017-02-27 22,71
22,2017-02-27 23,25
22,2017-02-28 00,4
22,2017-02-28 01,6
22,2017-02-28 02,4
22,2017-02-28 03,2
22,2017-02-28 04,1
22,2017-02-28 05,3
22,2017-02-28 06,10
22,2017-02-28 07,208
22,2017-02-28 08,272
22,2017-02-28 09,26
22,2017-03-01 03,1
22,2017-03-01 04,2
22,2017-03-01 05,4
22,2017-03-01 06,17
22,2017-03-01 07,117
22,2017-03-01 08,195
22,2017-03-01 09,334
22,2017-03-01 10,291
22,2017-03-01 11,445
22,2017-03-01 12,377
22,2017-03-01 13,266
22,2017-03-01 14,221
22,2017-03-01 15,347
22,2017-03-01 16,215
22,2017-03-01 17,283
22,2017-03-01 18,221
22,2017-03-01 19,126
22,2017-03-01 20,116
22,2017-03-01 21,118
22,2017-03-01 22,72
22,2017-03-01 23,19
22,2017-03-02 00,11
22,2017-03-02 01,7
22,2017-03-02 02,6
22,2017-03-02 03,3
22,2017-03-02 04,5
22,2017-03-02 05,8
22,2017-03-02 06,19
22,2017-03-02 07,184
22,2017-03-02 08,204
22,2017-03-02 09,299
22,2017-03-02 10,212
22,2017-03-02 11,344
22,2017-03-02 12,340
22,2017-03-02 13,149
22,2017-03-02 14,160
22,2017-03-02 15,305
22,2017-03-02 16,182
22,2017-03-02 17,322
22,2017-03-02 18,208
22,2017-03-02 19,32
22,2017-03-02 20,75
22,2017-03-02 21,121
22,2017-03-02 22,66
22,2017-03-02 23,16
22,2017-03-03 00,9
22,2017-03-03 01,7
22,2017-03-03 02,5
22,2017-03-03 03,6
22,2017-03-03 04,5
22,2017-03-03 05,6
22,2017-03-03 06,25
22,2017-03-03 07,219
22,2017-03-03 08,258
22,2017-03-03 09,370
22,2017-03-03 10,318
22,2017-03-03 11,459
22,2017-03-03 12,367
22,2017-03-03 13,234
22,2017-03-03 14,234
22,2017-03-03 15,283
22,2017-03-03 16,170
22,2017-03-03 17,269
22,2017-03-03 18,181
22,2017-03-03 19,133
22,2017-03-03 20,97
22,2017-03-03 21,109
22,2017-03-03 22,68
22,2017-03-03 23,13
22,2017-03-04 00,8
22,2017-03-04 01,6
22,2017-03-04 02,7
22,2017-03-04 03,4
22,2017-03-04 04,5
22,2017-03-04 05,6
22,2017-03-04 06,11
22,2017-03-04 07,77
22,2017-03-04 08,77
22,2017-03-04 09,81
22,2017-03-04 10,90
22,2017-03-04 11,138
22,2017-03-04 12,130
22,2017-03-04 13,124
22,2017-03-04 14,123
22,2017-03-04 15,162
22,2017-03-04 16,151
22,2017-03-04 17,170
22,2017-03-04 18,143
22,2017-03-04 19,126
22,2017-03-04 20,108
22,2017-03-04 21,107
22,2017-03-04 22,76
22,2017-03-04 23,26
22,2017-03-05 00,8
22,2017-03-05 01,3
22,2017-03-05 02,7.0
22,2017-03-05 03,2
22,2017-03-05 04,4
22,2017-03-05 05,4
22,2017-03-05 06,12
22,2017-03-05 07,28
22,2017-03-05 08,50
22,2017-03-05 09,67
22,2017-03-05 10,93
22,2017-03-05 11,137
22,2017-03-05 12,192
22,2017-03-05 13,107
22,2017-03-05 14,98
22,2017-03-05 15,95
22,2017-03-05 16,100
22,2017-03-05 17,143
22,2017-03-05 18,143
22,2017-03-05 19,99
22,2017-03-05 20,65
22,2017-03-05 21,104
22,2017-03-05 22,91
22,2017-03-05 23,20
22,2017-03-06 00,6
22,2017-03-06 01,2
22,2017-03-06 02,4
22,2017-03-06 03,4
22,2017-03-06 04,3
22,2017-03-06 05,5
22,2017-03-06 06,17
22,2017-03-06 07,75
22,2017-03-06 08,173
22,2017-03-06 09,338
22,2017-03-06 10,353
22,2017-03-06 11,328
22,2017-03-06 12,357
22,2017-03-06 13,258
22,2017-03-06 14,264
22,2017-03-06 15,295
22,2017-03-06 16,156
22,2017-03-06 17,325
22,2017-03-06 18,267
22,2017-03-06 19,251
22,2017-03-06 20,253
22,2017-03-06 21,144
22,2017-03-06 22,66
22,2017-03-06 23,24
22,2017-03-07 00,3
22,2017-03-07 01,2
22,2017-03-07 02,3
22,2017-03-07 03,1
22,2017-03-07 04,1
22,2017-03-07 05,2
22,2017-03-07 06,21
22,2017-03-07 07,200
22,2017-03-07 08,244
22,2017-03-07 09,383
22,2017-03-07 10,298
22,2017-03-07 11,363
22,2017-03-07 12,373
22,2017-03-07 13,400
22,2017-03-07 14,268
22,2017-03-07 15,444
22,2017-03-07 16,255
22,2017-03-07 17,378
22,2017-03-07 18,234
22,2017-03-07 19,149
22,2017-03-07 20,135
22,2017-03-07 21,155
22,2017-03-07 22,69
22,2017-03-07 23,16
22,2017-03-08 00,3
22,2017-03-08 01,1
22,2017-03-08 03,1
22,2017-03-08 04,1
22,2017-03-08 05,1
22,2017-03-08 06,11
22,2017-03-08 07,114
22,2017-03-08 08,218
22,2017-03-08 09,316
22,2017-03-08 10,288
22,2017-03-08 11,424
22,2017-03-08 12,328
22,2017-03-08 13,348
22,2017-03-08 14,268
22,2017-03-08 15,288
22,2017-03-08 16,149
22,2017-03-08 17,279
22,2017-03-08 18,225
22,2017-03-08 19,114
22,2017-03-08 20,126
22,2017-03-08 21,158
22,2017-03-08 22,96
22,2017-03-08 23,26
22,2017-03-09 00,6
22,2017-03-09 01,2
22,2017-03-09 02,3
22,2017-03-09 03,2
22,2017-03-09 04,1
22,2017-03-09 05,1
22,2017-03-09 06,13
22,2017-03-09 07,166
22,2017-03-09 08,242
22,2017-03-09 09,340
22,2017-03-09 10,226
22,2017-03-09 11,358
22,2017-03-09 12,394
22,2017-03-09 13,230
22,2017-03-09 14,262
22,2017-03-09 15,316
22,2017-03-09 16,253
22,2017-03-09 17,427
22,2017-03-09 18,207
22,2017-03-09 19,93
22,2017-03-09 20,125
22,2017-03-09 21,117
22,2017-03-09 22,88
22,2017-03-09 23,15
22,2017-03-10 00,3
22,2017-03-10 01,2
22,2017-03-10 02,5
22,2017-03-10 03,3
22,2017-03-10 04,1
22,2017-03-10 05,1
22,2017-03-10 06,17
22,2017-03-10 07,176
22,2017-03-10 08,257
22,2017-03-10 09,310
22,2017-03-10 10,264
22,2017-03-10 11,332
22,2017-03-10 12,360
22,2017-03-10 13,179
22,2017-03-10 14,218
22,2017-03-10 15,236
22,2017-03-10 16,182
22,2017-03-10 17,286
22,2017-03-10 18,145
22,2017-03-10 19,106
22,2017-03-10 20,86
22,2017-03-10 21,78
22,2017-03-10 22,95
22,2017-03-10 23,23
22,2017-03-11 00,7
22,2017-03-11 01,5
22,2017-03-11 02,3
22,2017-03-11 03,4
22,2017-03-11 04,1
22,2017-03-11 06,7
22,2017-03-11 07,24
22,2017-03-11 08,71
22,2017-03-11 09,85
22,2017-03-11 10,106
22,2017-03-11 11,152
22,2017-03-11 12,143
22,2017-03-11 13,97
22,2017-03-11 14,70
22,2017-03-11 15,80
22,2017-03-11 16,85
22,2017-03-11 17,129
22,2017-03-11 18,69
22,2017-03-11 19,64
22,2017-03-11 20,59
22,2017-03-11 21,75
22,2017-03-11 22,61
22,2017-03-11 23,19
22,2017-03-12 00,1
22,2017-03-12 01,2
22,2017-03-12 04,1
22,2017-03-12 05,3
22,2017-03-12 06,2
22,2017-03-12 07,26
22,2017-03-12 08,32
22,2017-03-12 09,109
22,2017-03-12 10,158
22,2017-03-12 11,185
22,2017-03-12 12,164
22,2017-03-12 13,107
22,2017-03-12 14,87
22,2017-03-12 15,101
22,2017-03-12 16,112
22,2017-03-12 17,134
22,2017-03-12 18,113
22,2017-03-12 19,130
22,2017-03-12 20,87
22,2017-03-12 21,116
22,2017-03-12 22,63
22,2017-03-12 23,14
22,2017-03-13 00,7
22,2017-03-13 01,1
22,2017-03-13 02,1
22,2017-03-13 03,1
22,2017-03-13 05,1
22,2017-03-13 06,13
22,2017-03-13 07,87
22,2017-03-13 08,168
22,2017-03-13 09,303
22,2017-03-13 10,263
22,2017-03-13 11,336
22,2017-03-13 12,339
22,2017-03-13 13,209
22,2017-03-13 14,221
22,2017-03-13 15,285
22,2017-03-13 16,194
22,2017-03-13 17,341
22,2017-03-13 18,328
22,2017-03-13 19,149
22,2017-03-13 20,156
22,2017-03-13 21,147
22,2017-03-13 22,115
22,2017-03-13 23,27
22,2017-03-14 00,5
22,2017-03-14 01,3
22,2017-03-14 02,1
22,2017-03-14 03,2
22,2017-03-14 04,4
22,2017-03-14 05,2
22,2017-03-14 06,14
22,2017-03-14 07,186
22,2017-03-14 08,231
22,2017-03-14 09,316
22,2017-03-14 10,260
22,2017-03-14 11,412
22,2017-03-14 12,329
22,2017-03-14 13,279
22,2017-03-14 14,249
22,2017-03-14 15,353
22,2017-03-14 16,244
22,2017-03-14 17,409
22,2017-03-14 18,209
22,2017-03-14 19,162
22,2017-03-14 20,144
22,2017-03-14 21,146
22,2017-03-14 22,102
22,2017-03-14 23,17
22,2017-03-15 00,8
22,2017-03-15 01,2
22,2017-03-15 03,1
22,2017-03-15 05,5
22,2017-03-15 06,30.0
22,2017-03-15 07,295
22,2017-03-15 08,253
22,2017-03-15 09,288
22,2017-03-15 10,299
22,2017-03-15 11,344
22,2017-03-15 12,394
22,2017-03-15 13,309
22,2017-03-15 14,205
22,2017-03-15 15,260
22,2017-03-15 16,151
22,2017-03-15 17,391
22,2017-03-15 18,342
22,2017-03-15 19,286
22,2017-03-15 20,80
22,2017-03-15 21,109
22,2017-03-15 22,79
22,2017-03-15 23,23
22,2017-03-16 00,7
22,2017-03-16 01,3
22,2017-03-16 02,6
22,2017-03-16 03,4
22,2017-03-16 04,4
22,2017-03-16 05,5
22,2017-03-16 06,15
22,2017-03-16 07,103
22,2017-03-16 08,161
22,2017-03-16 09,352
22,2017-03-16 10,225
22,2017-03-16 11,301
22,2017-03-16 12,406
22,2017-03-16 13,324
22,2017-03-16 14,245
22,2017-03-16 15,332
22,2017-03-16 16,254
22,2017-03-16 17,325
22,2017-03-16 18,254
22,2017-03-16 19,213
22,2017-03-16 20,203
22,2017-03-16 21,230
22,2017-03-16 22,117
22,2017-03-16 23,30
22,2017-03-17 00,5
22,2017-03-17 01,5
22,2017-03-17 02,6
22,2017-03-17 03,7
22,2017-03-17 04,4
22,2017-03-17 05,5
22,2017-03-17 06,21
22,2017-03-17 07,169
22,2017-03-17 08,280
22,2017-03-17 09,374
22,2017-03-17 10,304
22,2017-03-17 11,436
22,2017-03-17 12,344
22,2017-03-17 13,289
22,2017-03-17 14,239
22,2017-03-17 15,280
22,2017-03-17 16,189
22,2017-03-17 17,264
22,2017-03-17 18,162
22,2017-03-17 19,144
22,2017-03-17 20,92
22,2017-03-17 21,96
22,2017-03-17 22,87
22,2017-03-17 23,22
22,2017-03-18 00,7
22,2017-03-18 01,3
22,2017-03-18 02,3
22,2017-03-18 03,4
22,2017-03-18 04,3
22,2017-03-18 05,3
22,2017-03-18 06,13
22,2017-03-18 07,67
22,2017-03-18 08,161
22,2017-03-18 09,243
22,2017-03-18 10,205
22,2017-03-18 11,199
22,2017-03-18 12,174
22,2017-03-18 13,314
22,2017-03-18 14,168
22,2017-03-18 15,252
22,2017-03-18 16,206
22,2017-03-18 17,203
22,2017-03-18 18,136
22,2017-03-18 19,76
22,2017-03-18 20,115
22,2017-03-18 21,110
22,2017-03-18 22,69
22,2017-03-18 23,18
22,2017-03-19 00,13.0
22,2017-03-19 01,7
22,2017-03-19 02,7.0
22,2017-03-19 03,4
22,2017-03-19 04,4
22,2017-03-19 05,5
22,2017-03-19 06,10
22,2017-03-19 07,18
22,2017-03-19 08,71
22,2017-03-19 09,77
22,2017-03-19 10,91
22,2017-03-19 11,123
22,2017-03-19 12,151
22,2017-03-19 13,129
22,2017-03-19 14,112
22,2017-03-19 15,97
22,2017-03-19 16,116
22,2017-03-19 17,144
22,2017-03-19 18,133
22,2017-03-19 19,150
22,2017-03-19 20,111
22,2017-03-19 21,111
22,2017-03-19 22,74
22,2017-03-19 23,20
22,2017-03-20 00,8
22,2017-03-20 01,3
22,2017-03-20 02,4
22,2017-03-20 03,6
22,2017-03-20 04,3
22,2017-03-20 05,6
22,2017-03-20 06,12
22,2017-03-20 07,90
22,2017-03-20 08,143
22,2017-03-20 09,265
22,2017-03-20 10,245
22,2017-03-20 11,422
22,2017-03-20 12,305
22,2017-03-20 13,242
22,2017-03-20 14,261
22,2017-03-20 15,295
22,2017-03-20 16,216
22,2017-03-20 17,284
22,2017-03-20 18,188
22,2017-03-20 19,172
22,2017-03-20 20,133
22,2017-03-20 21,133
22,2017-03-20 22,86
22,2017-03-20 23,18
22,2017-03-21 00,3
22,2017-03-21 01,5
22,2017-03-21 02,1
22,2017-03-21 03,1
22,2017-03-21 04,2
22,2017-03-21 05,2
22,2017-03-21 06,10
22,2017-03-21 07,157
22,2017-03-21 08,283
22,2017-03-21 09,394
22,2017-03-21 10,353
22,2017-03-21 11,489
22,2017-03-21 12,287
22,2017-03-21 13,356
22,2017-03-21 14,260
22,2017-03-21 15,372
22,2017-03-21 16,209
22,2017-03-21 17,355
22,2017-03-21 18,203
22,2017-03-21 19,136
22,2017-03-21 20,113
22,2017-03-21 21,136
22,2017-03-21 22,65
22,2017-03-21 23,15
22,2017-03-22 00,7
22,2017-03-22 01,2
22,2017-03-22 02,3
22,2017-03-22 03,1
22,2017-03-22 04,1
22,2017-03-22 05,3
22,2017-03-22 06,30.0
22,2017-03-22 07,151
22,2017-03-22 08,229
22,2017-03-22 09,311
22,2017-03-22 10,288
22,2017-03-22 11,297
22,2017-03-22 12,291
22,2017-03-22 13,243
22,2017-03-22 14,250
22,2017-03-22 15,287
22,2017-03-22 16,221
22,2017-03-22 17,345
22,2017-03-22 18,275
22,2017-03-22 19,150
22,2017-03-22 20,167
22,2017-03-22 21,191
22,2017-03-22 22,99
22,2017-03-22 23,19
22,2017-03-23 02,4
22,2017-03-23 03,1
22,2017-03-23 05,1
22,2017-03-23 06,9
22,2017-03-23 07,73
22,2017-03-23 08,172
22,2017-03-23 09,404
22,2017-03-23 10,341
22,2017-03-23 11,368
22,2017-03-23 12,472
22,2017-03-23 13,367
22,2017-03-23 14,302
22,2017-03-23 15,421
22,2017-03-23 16,228
22,2017-03-23 17,343
22,2017-03-23 18,195
22,2017-03-23 19,122
22,2017-03-23 20,117
22,2017-03-23 21,129
22,2017-03-23 22,69
22,2017-03-23 23,20
22,2017-03-24 00,5
22,2017-03-24 01,2
22,2017-03-24 02,3
22,2017-03-24 05,1
22,2017-03-24 06,15
22,2017-03-24 07,128
22,2017-03-24 08,209
22,2017-03-24 09,285
22,2017-03-24 10,214
22,2017-03-24 11,372
22,2017-03-24 12,283
22,2017-03-24 13,232
22,2017-03-24 14,228
22,2017-03-24 15,214
22,2017-03-24 16,172
22,2017-03-24 17,225
22,2017-03-24 18,203
22,2017-03-24 19,151
22,2017-03-24 20,171
22,2017-03-24 21,95
22,2017-03-24 22,65
22,2017-03-24 23,22
22,2017-03-25 00,6
22,2017-03-25 01,7.0
22,2017-03-25 02,5
22,2017-03-25 03,6
22,2017-03-25 04,6
22,2017-03-25 05,5
22,2017-03-25 06,14
22,2017-03-25 07,54
22,2017-03-25 08,101
22,2017-03-25 09,132
22,2017-03-25 10,220
22,2017-03-25 11,155
22,2017-03-25 12,184
22,2017-03-25 13,84
22,2017-03-25 14,113
22,2017-03-25 15,107
22,2017-03-25 16,112
22,2017-03-25 17,128
22,2017-03-25 18,134
22,2017-03-25 19,91
22,2017-03-25 20,74
22,2017-03-25 21,81
22,2017-03-25 22,77
22,2017-03-25 23,16
22,2017-03-26 00,4
22,2017-03-26 01,3
22,2017-03-26 05,1
22,2017-03-26 06,14
22,2017-03-26 07,37
22,2017-03-26 08,34
22,2017-03-26 09,66
22,2017-03-26 10,103
22,2017-03-26 11,138
22,2017-03-26 12,133
22,2017-03-26 13,122
22,2017-03-26 14,98
22,2017-03-26 15,73
22,2017-03-26 16,84
22,2017-03-26 17,122
22,2017-03-26 18,117
22,2017-03-26 19,89
22,2017-03-26 20,88
22,2017-03-26 21,77
22,2017-03-26 22,67
22,2017-03-26 23,14
22,2017-03-27 00,5
22,2017-03-27 01,3
22,2017-03-27 02,2
22,2017-03-27 03,1
22,2017-03-27 05,2
22,2017-03-27 06,16
22,2017-03-27 07,92
22,2017-03-27 08,143
22,2017-03-27 09,241
22,2017-03-27 10,233
22,2017-03-27 11,305
22,2017-03-27 12,286
22,2017-03-27 13,196
22,2017-03-27 14,180
22,2017-03-27 15,222
22,2017-03-27 16,161
22,2017-03-27 17,264
22,2017-03-27 18,180
22,2017-03-27 19,98
22,2017-03-27 20,151
22,2017-03-27 21,104
22,2017-03-27 22,85
22,2017-03-27 23,30
22,2017-03-28 00,4
22,2017-03-28 02,1
22,2017-03-28 03,1
22,2017-03-28 06,10
22,2017-03-28 07,158
22,2017-03-28 08,237
22,2017-03-28 09,286
22,2017-03-28 10,245
22,2017-03-28 11,418
22,2017-03-28 12,301
22,2017-03-28 13,245
22,2017-03-28 14,266
22,2017-03-28 15,408
22,2017-03-28 16,216
22,2017-03-28 17,482
22,2017-03-28 18,375
22,2017-03-28 19,285
22,2017-03-28 20,224
22,2017-03-28 21,107
22,2017-03-28 22,102
22,2017-03-28 23,26
22,2017-03-29 00,6
22,2017-03-29 01,4
22,2017-03-29 02,1
22,2017-03-29 03,3
22,2017-03-29 04,1
22,2017-03-29 05,4
22,2017-03-29 06,16
22,2017-03-29 07,110
22,2017-03-29 08,238
22,2017-03-29 09,230
22,2017-03-29 10,280
22,2017-03-29 11,335
22,2017-03-29 12,254
22,2017-03-29 13,248
22,2017-03-29 14,190
22,2017-03-29 15,240
22,2017-03-29 16,177
22,2017-03-29 17,331
22,2017-03-29 18,341
22,2017-03-29 19,149
22,2017-03-29 20,178
22,2017-03-29 21,92
22,2017-03-29 22,102
22,2017-03-29 23,31
22,2017-03-30 00,3
22,2017-03-30 01,2
22,2017-03-30 02,2
22,2017-03-30 03,2
22,2017-03-30 04,2
22,2017-03-30 05,4
22,2017-03-30 06,12
22,2017-03-30 07,113
22,2017-03-30 08,228
22,2017-03-30 09,292
22,2017-03-30 10,375
22,2017-03-30 11,265
22,2017-03-30 12,477
22,2017-03-30 13,268
22,2017-03-30 14,255
22,2017-03-30 15,319
22,2017-03-30 16,197
22,2017-03-30 17,331
22,2017-03-30 18,223
22,2017-03-30 19,166
22,2017-03-30 20,154
22,2017-03-30 21,141
22,2017-03-30 22,74
22,2017-03-30 23,19
22,2017-03-31 00,4
22,2017-03-31 01,1
22,2017-03-31 02,2
22,2017-03-31 03,2
22,2017-03-31 04,2
22,2017-03-31 05,3
22,2017-03-31 06,18
22,2017-03-31 07,191
22,2017-03-31 08,269
22,2017-03-31 09,390
22,2017-03-31 10,273
22,2017-03-31 11,342
22,2017-03-31 12,355
22,2017-03-31 13,257
22,2017-03-31 14,229
22,2017-03-31 15,180
22,2017-03-31 16,95
22,2017-03-31 17,250
22,2017-03-31 18,204
22,2017-03-31 19,110
22,2017-03-31 20,118
22,2017-03-31 21,112
22,2017-03-31 22,80
22,2017-03-31 23,16
22,2017-04-01 00,2
22,2017-04-01 01,2
22,2017-04-01 02,2
22,2017-04-01 03,3
22,2017-04-01 04,1
22,2017-04-01 05,2
22,2017-04-01 06,10
22,2017-04-01 07,65
22,2017-04-01 08,123
22,2017-04-01 09,204
22,2017-04-01 10,297
22,2017-04-01 11,211
22,2017-04-01 12,264
22,2017-04-01 13,154
22,2017-04-01 14,163
22,2017-04-01 15,153
22,2017-04-01 16,82
22,2017-04-01 17,237
22,2017-04-01 18,268
22,2017-04-01 19,211
22,2017-04-01 20,127
22,2017-04-01 21,66
22,2017-04-01 22,51
22,2017-04-01 23,26
22,2017-04-02 00,6
22,2017-04-02 01,3
22,2017-04-02 02,3
22,2017-04-02 03,3
22,2017-04-02 04,2
22,2017-04-02 05,2
22,2017-04-02 06,11
22,2017-04-02 07,23
22,2017-04-02 08,52
22,2017-04-02 09,314
22,2017-04-02 10,220
22,2017-04-02 11,309
22,2017-04-02 12,172
22,2017-04-02 13,145
22,2017-04-02 14,112
22,2017-04-02 15,123
22,2017-04-02 16,88
22,2017-04-02 17,103
22,2017-04-02 18,124
22,2017-04-02 19,97
22,2017-04-02 20,75
22,2017-04-02 21,83
22,2017-04-02 22,68
22,2017-04-02 23,18
22,2017-04-03 00,4
22,2017-04-03 01,2
22,2017-04-03 02,1
22,2017-04-03 03,2
22,2017-04-03 04,1
22,2017-04-03 05,2
22,2017-04-03 06,10
22,2017-04-03 07,23
22,2017-04-03 08,31
22,2017-04-03 09,64
22,2017-04-03 10,88
22,2017-04-03 11,110
22,2017-04-03 12,75
22,2017-04-03 13,108
22,2017-04-03 14,86
22,2017-04-03 15,111
22,2017-04-03 16,72
22,2017-04-03 17,119
22,2017-04-03 18,108
22,2017-04-03 19,97
22,2017-04-03 20,65
22,2017-04-03 21,72
22,2017-04-03 22,58
22,2017-04-03 23,15
22,2017-04-04 00,6
22,2017-04-04 01,2
22,2017-04-04 02,3
22,2017-04-04 03,1
22,2017-04-04 04,2
22,2017-04-04 05,2
22,2017-04-04 06,5
22,2017-04-04 07,21
22,2017-04-04 08,57
22,2017-04-04 09,68
22,2017-04-04 10,105
22,2017-04-04 11,128
22,2017-04-04 12,97
22,2017-04-04 13,96
22,2017-04-04 14,83
22,2017-04-04 15,71
22,2017-04-04 16,91
22,2017-04-04 17,147
22,2017-04-04 18,110
22,2017-04-04 19,194
22,2017-04-04 20,120
22,2017-04-06 03,2
22,2017-04-06 04,2
22,2017-04-06 05,3
22,2017-04-06 06,16
22,2017-04-06 07,88
22,2017-04-06 08,194
22,2017-04-06 09,283
22,2017-04-06 10,205
22,2017-04-06 11,405
22,2017-04-06 12,271
22,2017-04-06 13,240
22,2017-04-06 14,174
22,2017-04-06 15,357
22,2017-04-06 16,216
22,2017-04-06 17,328
22,2017-04-06 18,243
22,2017-04-06 19,156
22,2017-04-06 20,134
22,2017-04-06 21,127
22,2017-04-06 22,101
22,2017-04-06 23,21
22,2017-04-07 00,9
22,2017-04-07 01,4
22,2017-04-07 02,3
22,2017-04-07 03,3
22,2017-04-07 04,3
22,2017-04-07 05,6
22,2017-04-07 06,15
22,2017-04-07 07,176
22,2017-04-07 08,222
22,2017-04-07 09,335
22,2017-04-07 10,209
22,2017-04-07 11,329
22,2017-04-07 12,305
22,2017-04-07 13,215
22,2017-04-07 14,242
22,2017-04-07 15,203
22,2017-04-07 16,157
22,2017-04-07 17,279
22,2017-04-07 18,227
22,2017-04-07 19,147
22,2017-04-07 20,157
22,2017-04-07 21,130
22,2017-04-07 22,84
22,2017-04-07 23,33
22,2017-04-08 00,8
22,2017-04-08 01,2
22,2017-04-08 02,2
22,2017-04-08 03,3
22,2017-04-08 04,2
22,2017-04-08 05,2
22,2017-04-08 06,9
22,2017-04-08 07,35
22,2017-04-08 08,194
22,2017-04-08 09,113
22,2017-04-08 10,157
22,2017-04-08 11,569
22,2017-04-08 12,282
22,2017-04-08 13,359
22,2017-04-08 14,352
22,2017-04-08 15,324
22,2017-04-08 16,149
22,2017-04-08 17,162
22,2017-04-08 18,163
22,2017-04-08 19,165
22,2017-04-08 20,79
22,2017-04-08 21,115
22,2017-04-08 22,115
22,2017-04-08 23,25
22,2017-04-09 00,4
22,2017-04-09 01,2
22,2017-04-09 02,4
22,2017-04-09 03,3
22,2017-04-09 04,4
22,2017-04-09 05,4
22,2017-04-09 06,11
22,2017-04-09 07,41
22,2017-04-09 08,147
22,2017-04-09 09,164
22,2017-04-09 10,145
22,2017-04-09 11,225
22,2017-04-09 12,191
22,2017-04-09 13,121
22,2017-04-09 14,128
22,2017-04-09 15,126
22,2017-04-09 16,144
22,2017-04-09 17,246
22,2017-04-09 18,169
22,2017-04-09 19,167
22,2017-04-09 20,126
22,2017-04-09 21,122
22,2017-04-09 22,98
22,2017-04-09 23,18
22,2017-04-10 00,6
22,2017-04-10 01,4
22,2017-04-10 02,3
22,2017-04-10 03,2
22,2017-04-10 04,3
22,2017-04-10 05,3
22,2017-04-10 06,14
22,2017-04-10 07,94
22,2017-04-10 08,161
22,2017-04-10 09,229
22,2017-04-10 10,217
22,2017-04-10 11,381
22,2017-04-10 12,392
22,2017-04-10 13,240
22,2017-04-10 14,222
22,2017-04-10 15,290
22,2017-04-10 16,183
22,2017-04-10 17,351
22,2017-04-10 18,251
22,2017-04-10 19,172
22,2017-04-10 20,119
22,2017-04-10 21,112
22,2017-04-10 22,98
22,2017-04-10 23,26
22,2017-04-11 00,5
22,2017-04-11 01,3
22,2017-04-11 02,5
22,2017-04-11 03,4
22,2017-04-11 04,4
22,2017-04-11 05,6
22,2017-04-11 06,13
22,2017-04-11 07,158
22,2017-04-11 08,277
22,2017-04-11 09,343
22,2017-04-11 10,282
22,2017-04-11 11,453
22,2017-04-11 12,307
22,2017-04-11 13,271
22,2017-04-11 14,276
22,2017-04-11 15,382
22,2017-04-11 16,177
22,2017-04-11 17,273
22,2017-04-11 18,252
22,2017-04-11 19,137
22,2017-04-11 20,125
22,2017-04-11 21,114
22,2017-04-11 22,91
22,2017-04-11 23,22
22,2017-04-12 00,5
22,2017-04-12 01,1
22,2017-04-12 02,2
22,2017-04-12 05,3
22,2017-04-12 06,16
22,2017-04-12 07,158
22,2017-04-12 08,247
22,2017-04-12 09,322
22,2017-04-12 10,269
22,2017-04-12 11,329
22,2017-04-12 12,313
22,2017-04-12 13,249
22,2017-04-12 14,207
22,2017-04-12 15,283
22,2017-04-12 16,140
22,2017-04-12 17,298
22,2017-04-12 18,249
22,2017-04-12 19,165
22,2017-04-12 20,173
22,2017-04-12 21,103
22,2017-04-12 22,106
22,2017-04-12 23,27
22,2017-04-13 00,6
22,2017-04-13 01,3
22,2017-04-13 02,3
22,2017-04-13 03,3
22,2017-04-13 04,7
22,2017-04-13 05,5
22,2017-04-13 06,14
22,2017-04-13 07,86
22,2017-04-13 08,264
22,2017-04-13 09,251
22,2017-04-13 10,222
22,2017-04-13 11,355
22,2017-04-13 12,368
22,2017-04-13 13,254
22,2017-04-13 14,221
22,2017-04-13 15,349
22,2017-04-13 16,171
22,2017-04-13 17,322
22,2017-04-13 18,194
22,2017-04-13 19,125
22,2017-04-13 20,103
22,2017-04-13 21,111
22,2017-04-13 22,97
22,2017-04-13 23,26
22,2017-04-14 00,4
22,2017-04-14 01,4
22,2017-04-14 02,2
22,2017-04-14 03,3
22,2017-04-14 04,2
22,2017-04-14 05,4
22,2017-04-14 06,21
22,2017-04-14 07,262
22,2017-04-14 08,264
22,2017-04-14 09,407
22,2017-04-14 10,290
22,2017-04-14 11,315
22,2017-04-14 12,393
22,2017-04-14 13,303
22,2017-04-14 14,181
22,2017-04-14 15,126
22,2017-04-16 03,2
22,2017-04-16 04,2
22,2017-04-16 05,4
22,2017-04-16 06,7
22,2017-04-16 07,46
22,2017-04-16 08,73
22,2017-04-16 09,83
22,2017-04-16 10,105
22,2017-04-16 11,124
22,2017-04-16 12,123
22,2017-04-16 13,111
22,2017-04-16 14,128
22,2017-04-16 15,65
22,2017-04-16 16,102
22,2017-04-16 17,107
22,2017-04-16 18,140
22,2017-04-16 19,130
22,2017-04-16 20,113
22,2017-04-16 21,130
22,2017-04-16 22,91
22,2017-04-16 23,28
22,2017-04-17 00,8
22,2017-04-17 01,2
22,2017-04-17 02,2
22,2017-04-17 03,3
22,2017-04-17 04,3
22,2017-04-17 05,3
22,2017-04-17 06,11
22,2017-04-17 07,90
22,2017-04-17 08,192
22,2017-04-17 09,280
22,2017-04-17 10,287
22,2017-04-17 11,350
22,2017-04-17 12,369
22,2017-04-17 13,242
22,2017-04-17 14,164
22,2017-04-17 15,72
22,2017-04-18 03,5
22,2017-04-18 04,2
22,2017-04-18 05,9.5
22,2017-04-18 06,23
22,2017-04-18 07,177
22,2017-04-18 08,321
22,2017-04-18 09,379
22,2017-04-18 10,280
22,2017-04-18 11,430
22,2017-04-18 12,338
22,2017-04-18 13,337
22,2017-04-18 14,255
22,2017-04-18 15,384
22,2017-04-18 16,228
22,2017-04-18 17,412
22,2017-04-18 18,316
22,2017-04-18 19,164
22,2017-04-18 20,165
22,2017-04-18 21,149
22,2017-04-18 22,89
22,2017-04-18 23,35
22,2017-04-19 00,13.0
22,2017-04-19 01,3
22,2017-04-19 02,3
22,2017-04-19 03,1
22,2017-04-19 04,1
22,2017-04-19 05,4
22,2017-04-19 06,8
22,2017-04-19 07,123
22,2017-04-19 08,218
22,2017-04-19 09,265
22,2017-04-19 10,287
22,2017-04-19 11,406
22,2017-04-19 12,369
22,2017-04-19 13,254
22,2017-04-19 14,186
22,2017-04-19 15,318
22,2017-04-19 16,164
22,2017-04-19 17,96
22,2017-04-19 18,13
22,2017-04-19 19,2
22,2017-04-19 20,1
22,2017-04-19 21,2
22,2017-04-21 03,2
22,2017-04-21 04,4
22,2017-04-21 05,5
22,2017-04-21 06,21
22,2017-04-21 07,109
22,2017-04-21 08,144
22,2017-04-21 09,154
22,2017-04-21 10,162
22,2017-04-21 11,287
22,2017-04-21 12,254
22,2017-04-21 13,256
22,2017-04-21 14,244
22,2017-04-21 15,202
22,2017-04-21 16,164
22,2017-04-21 17,235
22,2017-04-21 18,154
22,2017-04-21 19,115
22,2017-04-21 20,81
22,2017-04-21 21,96
22,2017-04-21 22,64
22,2017-04-21 23,26
22,2017-04-22 00,5
22,2017-04-22 01,2
22,2017-04-22 02,2
22,2017-04-22 03,2
22,2017-04-22 04,2
22,2017-04-22 05,3
22,2017-04-22 06,10
22,2017-04-22 07,43
22,2017-04-22 08,70
22,2017-04-22 09,108
22,2017-04-22 10,133
22,2017-04-22 11,143
22,2017-04-22 12,150
22,2017-04-22 13,105
22,2017-04-22 14,78
22,2017-04-22 15,98
22,2017-04-22 16,99
22,2017-04-22 17,107
22,2017-04-22 18,96
22,2017-04-22 19,104
22,2017-04-22 20,93
22,2017-04-22 21,79
22,2017-04-22 22,58
22,2017-04-22 23,16
22,2017-04-23 00,6
22,2017-04-23 01,3
22,2017-04-23 02,2
22,2017-04-23 03,3
22,2017-04-23 04,3
22,2017-04-23 05,6
22,2017-04-23 06,8
22,2017-04-23 07,27
22,2017-04-23 08,84
22,2017-04-23 09,120
22,2017-04-23 10,102
22,2017-04-23 11,156
22,2017-04-23 12,166
22,2017-04-23 13,101
22,2017-04-23 14,102
22,2017-04-23 15,88
22,2017-04-23 16,109
22,2017-04-23 17,175
22,2017-04-23 18,175
22,2017-04-23 19,134
22,2017-04-23 20,111
22,2017-04-23 21,86
22,2017-04-23 22,97
22,2017-04-23 23,20
22,2017-04-24 00,7
22,2017-04-24 01,5
22,2017-04-24 02,3
22,2017-04-24 03,3
22,2017-04-24 04,3
22,2017-04-24 05,3
22,2017-04-24 06,20
22,2017-04-24 07,92
22,2017-04-24 08,186
22,2017-04-24 09,176
22,2017-04-26 03,1
22,2017-04-26 04,2
22,2017-04-26 05,7
22,2017-04-26 06,10
22,2017-04-26 07,139
22,2017-04-26 08,201
22,2017-04-26 09,285
22,2017-04-26 10,287
22,2017-04-26 11,400
22,2017-04-26 12,335
22,2017-04-26 13,360
22,2017-04-26 14,347
22,2017-04-26 15,277
22,2017-04-26 16,199
22,2017-04-26 17,417
22,2017-04-26 18,187
22,2017-04-26 19,132
22,2017-04-26 20,104
22,2017-04-26 21,130
22,2017-04-26 22,110
22,2017-04-26 23,24
22,2017-04-27 03,1
22,2017-04-28 04,3
22,2017-04-28 05,6
22,2017-04-28 06,30.0
22,2017-04-28 07,341.5
22,2017-04-28 08,497.5
22,2017-04-28 09,654.0
22,2017-04-28 10,488.75
22,2017-04-28 11,687.0
22,2017-04-28 12,659.5
22,2017-04-28 13,551
22,2017-04-28 14,423.375
22,2017-04-28 15,562.25
22,2017-04-28 16,369.75
22,2017-04-28 17,638
22,2017-04-28 18,470.0
22,2017-04-28 19,301.5
22,2017-04-28 20,285.5
22,2017-04-28 21,257.75
22,2017-04-28 22,162.5
22,2017-04-28 23,42.5
22,2017-04-29 00,13.0
22,2017-04-29 01,2
22,2017-04-29 02,2
22,2017-04-29 03,1
22,2017-04-29 04,1
22,2017-04-29 05,5
22,2017-04-29 06,30.0
22,2017-04-29 07,147
22,2017-04-29 08,173
22,2017-04-29 09,259
22,2017-04-29 10,270
22,2017-04-29 11,342
22,2017-04-29 12,369
22,2017-04-29 13,252
22,2017-04-29 14,240
22,2017-04-29 15,226
22,2017-04-29 16,260
22,2017-04-29 17,416
22,2017-04-29 18,405
22,2017-04-29 19,301.5
22,2017-04-29 20,285.5
22,2017-04-29 21,257.75
22,2017-04-29 22,162.5
22,2017-04-29 23,42.5
22,2017-04-30 00,13.0
22,2017-04-30 01,4
22,2017-04-30 02,2
22,2017-04-30 03,2
22,2017-04-30 04,2
22,2017-04-30 05,5
22,2017-04-30 06,30.0
22,2017-04-30 07,90
22,2017-04-30 08,179
22,2017-04-30 09,274
22,2017-04-30 10,305
22,2017-04-30 11,373
22,2017-04-30 12,432
22,2017-04-30 13,299
22,2017-04-30 14,340
22,2017-04-30 15,380
22,2017-04-30 16,366
22,2017-04-30 17,392
22,2017-04-30 18,392
22,2017-04-30 19,301.5
22,2017-04-30 20,285.5
22,2017-04-30 21,257.75
22,2017-04-30 22,162.5
22,2017-04-30 23,42.5
22,2017-05-01 00,13.0
22,2017-05-01 01,5
22,2017-05-01 02,4
22,2017-05-01 04,1
22,2017-05-01 05,4
22,2017-05-01 06,30.0
22,2017-05-01 07,88
22,2017-05-01 08,168
22,2017-05-01 09,274
22,2017-05-01 10,281
22,2017-05-01 11,302
22,2017-05-01 12,587
22,2017-05-01 13,326
22,2017-05-01 14,283
22,2017-05-01 15,328
22,2017-05-01 16,335
22,2017-05-01 17,395
22,2017-05-01 18,470.0
22,2017-05-01 19,301.5
22,2017-05-01 20,285.5
22,2017-05-01 21,257.75
22,2017-05-01 22,162.5
22,2017-05-01 23,42.5
22,2017-05-02 00,11
22,2017-05-02 01,4
22,2017-05-02 02,1
22,2017-05-02 03,3
22,2017-05-02 04,1
22,2017-05-02 05,7
22,2017-05-02 06,30.0
22,2017-05-02 07,341.5
22,2017-05-02 08,497.5
22,2017-05-02 09,654.0
22,2017-05-02 10,488.75
22,2017-05-02 11,687.0
22,2017-05-02 12,659.5
22,2017-05-02 13,562.5
22,2017-05-02 14,423.375
22,2017-05-02 15,562.25
22,2017-05-02 16,369.75
22,2017-05-02 17,615
22,2017-05-02 18,470.0
22,2017-05-02 19,301.5
22,2017-05-02 20,278
22,2017-05-02 21,257.75
22,2017-05-02 22,162.5
22,2017-05-02 23,42.5
22,2017-05-03 00,12
22,2017-05-03 01,5
22,2017-05-03 02,2
22,2017-05-03 03,3
22,2017-05-03 04,5
22,2017-05-03 05,9.5
22,2017-05-03 06,30.0
22,2017-05-03 07,341.5
22,2017-05-03 08,497.5
22,2017-05-03 09,654.0
22,2017-05-03 10,488.75
22,2017-05-03 11,687.0
22,2017-05-03 12,323
22,2017-05-03 13,312
22,2017-05-03 14,250
22,2017-05-03 15,252
22,2017-05-03 16,115
22,2017-05-03 17,294
22,2017-05-03 18,190
22,2017-05-03 19,140
22,2017-05-03 20,113
22,2017-05-03 21,140
22,2017-05-03 22,87
22,2017-05-03 23,24
22,2017-05-04 00,3
22,2017-05-04 01,2
22,2017-05-04 02,2
22,2017-05-04 03,2
22,2017-05-04 04,1
22,2017-05-04 05,5
22,2017-05-04 06,13
22,2017-05-04 07,115
22,2017-05-04 08,239
22,2017-05-04 09,248
22,2017-05-04 10,287
22,2017-05-04 11,387
22,2017-05-04 12,380
22,2017-05-04 13,350
22,2017-05-04 14,304
22,2017-05-04 15,395
22,2017-05-04 16,242
22,2017-05-04 17,453
22,2017-05-04 18,349
22,2017-05-04 19,175
22,2017-05-04 20,261
22,2017-05-04 21,70
22,2017-05-04 22,80
22,2017-05-04 23,27
22,2017-05-05 00,3
22,2017-05-05 01,2
22,2017-05-05 02,2
22,2017-05-05 03,1
22,2017-05-05 04,2
22,2017-05-05 05,2
22,2017-05-05 06,13
22,2017-05-05 07,164
22,2017-05-05 08,208
22,2017-05-05 09,290
22,2017-05-05 10,220
22,2017-05-05 11,329
22,2017-05-05 12,299
22,2017-05-05 13,222
22,2017-05-05 14,189
22,2017-05-05 15,191
22,2017-05-05 16,179
22,2017-05-05 17,241
22,2017-05-05 18,152
22,2017-05-05 19,109
22,2017-05-05 20,89
22,2017-05-05 21,72
22,2017-05-05 22,78
22,2017-05-05 23,17
22,2017-05-06 00,4
22,2017-05-06 01,2
22,2017-05-06 02,3
22,2017-05-06 03,3
22,2017-05-06 04,2
22,2017-05-06 05,2
22,2017-05-06 06,19
22,2017-05-06 07,83
22,2017-05-06 08,225
22,2017-05-06 09,68
22,2017-05-06 10,41
22,2017-05-06 11,462
22,2017-05-06 12,148
22,2017-05-06 13,94
22,2017-05-06 14,66
22,2017-05-06 15,49
22,2017-05-06 16,51
22,2017-05-06 17,128
22,2017-05-06 18,182
22,2017-05-06 19,146
22,2017-05-06 20,157
22,2017-05-06 21,136
22,2017-05-06 22,95
22,2017-05-06 23,22
22,2017-05-07 00,8
22,2017-05-07 01,4
22,2017-05-07 02,5
22,2017-05-07 03,5
22,2017-05-07 04,5
22,2017-05-07 05,9.5
22,2017-05-07 06,9
22,2017-05-07 07,26
22,2017-05-07 08,58
22,2017-05-07 09,84
22,2017-05-07 10,120
22,2017-05-07 11,205
22,2017-05-07 12,228
22,2017-05-07 13,204
22,2017-05-07 14,170
22,2017-05-07 15,142
22,2017-05-07 16,181
22,2017-05-07 17,214
22,2017-05-07 18,230
22,2017-05-07 19,152
22,2017-05-07 20,122
22,2017-05-07 21,136
22,2017-05-07 22,114
22,2017-05-07 23,26
22,2017-05-08 00,4
22,2017-05-08 01,3
22,2017-05-08 02,5
22,2017-05-08 03,4
22,2017-05-08 04,3
22,2017-05-08 05,4
22,2017-05-08 06,21
22,2017-05-08 07,122
22,2017-05-08 08,183
22,2017-05-08 09,279
22,2017-05-08 10,256
22,2017-05-08 11,358
22,2017-05-08 12,308
22,2017-05-08 13,177
22,2017-05-08 14,225
22,2017-05-08 15,228
22,2017-05-08 16,194
22,2017-05-08 17,357
22,2017-05-08 18,249
22,2017-05-08 19,140
22,2017-05-08 20,145
22,2017-05-08 21,121
22,2017-05-08 22,118
22,2017-05-08 23,28
22,2017-05-09 00,4
22,2017-05-09 01,2
22,2017-05-09 02,1
22,2017-05-09 03,2
22,2017-05-09 04,4
22,2017-05-09 05,6
22,2017-05-09 06,11
22,2017-05-09 07,142
22,2017-05-09 08,261
22,2017-05-09 09,381
22,2017-05-09 10,317
22,2017-05-09 11,325
22,2017-05-09 12,235
22,2017-05-09 13,334
22,2017-05-09 14,258
22,2017-05-09 15,300
22,2017-05-09 16,340
22,2017-05-09 17,360
22,2017-05-09 18,283
22,2017-05-09 19,266
22,2017-05-09 20,100
22,2017-05-09 21,90
22,2017-05-09 22,108
22,2017-05-09 23,28
22,2017-05-10 00,5
22,2017-05-10 01,3
22,2017-05-10 02,1
22,2017-05-10 03,3
22,2017-05-10 04,2
22,2017-05-10 05,7
22,2017-05-10 06,30.0
22,2017-05-10 07,100
22,2017-05-10 08,155
22,2017-05-10 09,242
22,2017-05-10 10,228
22,2017-05-10 11,429
22,2017-05-10 12,271
22,2017-05-10 13,245
22,2017-05-10 14,253
22,2017-05-10 15,288
22,2017-05-10 16,128
22,2017-05-10 17,238
22,2017-05-10 18,268
22,2017-05-10 19,233
22,2017-05-10 20,204
22,2017-05-10 21,257.75
22,2017-05-10 22,158
22,2017-05-10 23,32
22,2017-05-11 00,4
22,2017-05-11 01,2
22,2017-05-11 02,1
22,2017-05-11 04,2
22,2017-05-11 05,3
22,2017-05-11 06,18
22,2017-05-11 07,68
22,2017-05-11 08,151
22,2017-05-11 09,306
22,2017-05-11 10,226
22,2017-05-11 11,292
22,2017-05-11 12,324
22,2017-05-11 13,272
22,2017-05-11 14,251
22,2017-05-11 15,378
22,2017-05-11 16,212
22,2017-05-11 17,457
22,2017-05-11 18,470.0
22,2017-05-11 19,301.5
22,2017-05-11 20,285.5
22,2017-05-11 21,175
22,2017-05-11 22,79
22,2017-05-11 23,19
22,2017-05-12 00,5
22,2017-05-12 01,2
22,2017-05-12 02,3
22,2017-05-12 03,1
22,2017-05-12 04,4
22,2017-05-12 05,6
22,2017-05-12 06,26
22,2017-05-12 07,217
22,2017-05-12 08,212
22,2017-05-12 09,399
22,2017-05-12 10,199
22,2017-05-12 11,376
22,2017-05-12 12,375
22,2017-05-12 13,269
22,2017-05-12 14,205
22,2017-05-12 15,228
22,2017-05-12 16,194
22,2017-05-12 17,291
22,2017-05-12 18,416
22,2017-05-12 19,301.5
22,2017-05-12 20,123
22,2017-05-12 21,153
22,2017-05-12 22,115
22,2017-05-12 23,13
22,2017-05-13 00,7
22,2017-05-13 01,2
22,2017-05-13 02,1
22,2017-05-13 04,2
22,2017-05-13 05,2
22,2017-05-13 06,6
22,2017-05-13 07,87
22,2017-05-13 08,72
22,2017-05-13 09,126
22,2017-05-13 10,163
22,2017-05-13 11,139
22,2017-05-13 12,91
22,2017-05-13 13,92
22,2017-05-13 14,73
22,2017-05-13 15,149
22,2017-05-13 16,222
22,2017-05-13 17,206
22,2017-05-13 18,100
22,2017-05-13 19,163
22,2017-05-13 20,125
22,2017-05-13 21,81
22,2017-05-13 22,162.5
22,2017-05-13 23,18
22,2017-05-14 00,2
22,2017-05-14 01,3
22,2017-05-14 02,1
22,2017-05-14 04,1
22,2017-05-14 05,4
22,2017-05-14 06,12
22,2017-05-14 07,28
22,2017-05-14 08,64
22,2017-05-14 09,114
22,2017-05-14 10,199
22,2017-05-14 11,195
22,2017-05-14 12,93
22,2017-05-14 13,112
22,2017-05-14 14,93
22,2017-05-14 15,186
22,2017-05-14 16,117
22,2017-05-14 17,166
22,2017-05-14 18,214
22,2017-05-14 19,124
22,2017-05-14 20,129
22,2017-05-14 21,109
22,2017-05-14 22,108
22,2017-05-14 23,24
22,2017-05-15 00,4
22,2017-05-15 01,1
22,2017-05-15 02,3
22,2017-05-15 03,1
22,2017-05-15 04,1
22,2017-05-15 05,2
22,2017-05-15 06,18
22,2017-05-15 07,115
22,2017-05-15 08,175
22,2017-05-15 09,239
22,2017-05-15 10,288
22,2017-05-15 11,395
22,2017-05-15 12,386
22,2017-05-15 13,222
22,2017-05-15 14,296
22,2017-05-15 15,299
22,2017-05-15 16,195
22,2017-05-15 17,328
22,2017-05-15 18,212
22,2017-05-15 19,170
22,2017-05-15 20,216
22,2017-05-15 21,153
22,2017-05-15 22,132
22,2017-05-15 23,27
22,2017-05-16 00,13.0
22,2017-05-16 01,2
22,2017-05-16 02,1
22,2017-05-16 03,3
22,2017-05-16 04,5
22,2017-05-16 05,4
22,2017-05-16 06,16
22,2017-05-16 07,176
22,2017-05-16 08,266
22,2017-05-16 09,267
22,2017-05-16 10,228
22,2017-05-16 11,431
22,2017-05-16 12,233
22,2017-05-16 13,209
22,2017-05-16 14,297
22,2017-05-16 15,427
22,2017-05-16 16,216
22,2017-05-16 17,396
22,2017-05-16 18,376
22,2017-05-16 19,173
22,2017-05-16 20,184
22,2017-05-16 21,225
22,2017-05-16 22,129
22,2017-05-16 23,25
22,2017-05-17 00,8
22,2017-05-17 01,7.0
22,2017-05-17 02,7
22,2017-05-17 03,7.25
22,2017-05-17 04,5
22,2017-05-17 05,9.5
22,2017-05-17 06,22
22,2017-05-17 07,153
22,2017-05-17 08,230
22,2017-05-17 09,327
22,2017-05-17 10,316
22,2017-05-17 11,299
22,2017-05-17 12,292
22,2017-05-17 13,267
22,2017-05-17 14,227
22,2017-05-17 15,244
22,2017-05-17 16,180
22,2017-05-17 17,317
22,2017-05-17 18,278
22,2017-05-17 19,216
22,2017-05-17 20,166
22,2017-05-17 21,192
22,2017-05-17 22,122
22,2017-05-17 23,37
22,2017-05-18 00,12
22,2017-05-18 01,4
22,2017-05-18 02,2
22,2017-05-18 03,3
22,2017-05-18 04,5
22,2017-05-18 05,6
22,2017-05-18 06,19
22,2017-05-18 07,108
22,2017-05-18 08,202
22,2017-05-18 09,192
22,2017-05-18 10,242
22,2017-05-18 11,408
22,2017-05-18 12,311
22,2017-05-18 13,297
22,2017-05-18 14,276
22,2017-05-18 15,298
22,2017-05-18 16,260
22,2017-05-18 17,243
22,2017-05-18 18,155
22,2017-05-18 19,88
22,2017-05-18 20,111
22,2017-05-18 21,198
22,2017-05-18 22,75
22,2017-05-18 23,41
22,2017-05-19 00,7
22,2017-05-19 01,2
22,2017-05-19 02,3
22,2017-05-19 03,4
22,2017-05-19 04,3
22,2017-05-19 05,7
22,2017-05-19 06,18
22,2017-05-19 07,163
22,2017-05-19 08,272
22,2017-05-19 09,429
22,2017-05-19 10,295
22,2017-05-19 11,287
22,2017-05-19 12,338
22,2017-05-19 13,276
22,2017-05-19 14,202
22,2017-05-19 15,320
22,2017-05-19 16,217
22,2017-05-19 17,300
22,2017-05-19 18,192
22,2017-05-19 19,161
22,2017-05-19 20,222
22,2017-05-19 21,198
22,2017-05-19 22,95
22,2017-05-19 23,24
22,2017-05-20 00,8
22,2017-05-20 01,5
22,2017-05-20 02,7
22,2017-05-20 03,2
22,2017-05-20 04,4
22,2017-05-20 05,5
22,2017-05-20 06,16
22,2017-05-20 07,55
22,2017-05-20 08,113
22,2017-05-20 09,127
22,2017-05-20 10,181
22,2017-05-20 11,182
22,2017-05-20 12,279
22,2017-05-20 13,384
22,2017-05-20 14,362
22,2017-05-20 15,229
22,2017-05-20 16,369.75
22,2017-05-20 17,274
22,2017-05-20 18,309
22,2017-05-20 19,121
22,2017-05-20 20,91
22,2017-05-20 21,103
22,2017-05-20 22,75
22,2017-05-20 23,21
22,2017-05-21 00,4
22,2017-05-21 01,7.0
22,2017-05-21 02,1
22,2017-05-21 03,4
22,2017-05-21 04,2
22,2017-05-21 05,6
22,2017-05-21 06,17
22,2017-05-21 07,51
22,2017-05-21 08,257
22,2017-05-21 09,296
22,2017-05-21 10,270
22,2017-05-21 11,301
22,2017-05-21 12,139
22,2017-05-21 13,121
22,2017-05-21 14,223
22,2017-05-21 15,274
22,2017-05-21 16,155
22,2017-05-21 17,174
22,2017-05-21 18,146
22,2017-05-21 19,160
22,2017-05-21 20,127
22,2017-05-21 21,136
22,2017-05-21 22,82
22,2017-05-21 23,28
22,2017-05-22 00,8
22,2017-05-22 01,3
22,2017-05-22 02,2
22,2017-05-22 03,4
22,2017-05-22 04,3
22,2017-05-22 05,4
22,2017-05-22 06,12
22,2017-05-22 07,77
22,2017-05-22 08,146
22,2017-05-22 09,263
22,2017-05-22 10,214
22,2017-05-22 11,291
22,2017-05-22 12,332
22,2017-05-22 13,141
22,2017-05-22 14,180
22,2017-05-22 15,230
22,2017-05-22 16,132
22,2017-05-22 17,356
22,2017-05-22 18,299
22,2017-05-22 19,94
22,2017-05-22 20,285.5
22,2017-05-22 21,247
22,2017-05-22 22,85
22,2017-05-22 23,21
22,2017-05-24 03,3
22,2017-05-24 04,1
22,2017-05-24 05,3
22,2017-05-24 06,30.0
22,2017-05-24 07,113
22,2017-05-24 08,204
22,2017-05-24 09,221
22,2017-05-24 10,231
22,2017-05-24 11,470
22,2017-05-24 12,319
22,2017-05-24 13,255
22,2017-05-24 14,234
22,2017-05-24 15,284
22,2017-05-24 16,167
22,2017-05-24 17,287
22,2017-05-24 18,230
22,2017-05-24 19,137
22,2017-05-24 20,285.5
22,2017-05-24 21,162
22,2017-05-24 22,89
22,2017-05-24 23,20
22,2017-05-25 00,8
22,2017-05-25 01,4
22,2017-05-25 02,4
22,2017-05-25 03,7.25
22,2017-05-25 04,6
22,2017-05-25 05,5
22,2017-05-25 06,30.0
22,2017-05-25 07,97
22,2017-05-25 08,183
22,2017-05-25 09,215
22,2017-05-25 10,219
22,2017-05-25 11,353
22,2017-05-25 12,163
22,2017-05-25 13,291
22,2017-05-25 14,263
22,2017-05-25 15,309
22,2017-05-25 16,185
22,2017-05-25 17,316
22,2017-05-25 18,311
22,2017-05-25 19,188
22,2017-05-25 20,143
22,2017-05-25 21,95
22,2017-05-25 22,81
22,2017-05-25 23,21
22,2017-05-26 00,6
22,2017-05-26 01,4
22,2017-05-26 02,2
22,2017-05-26 03,2
22,2017-05-26 04,2
22,2017-05-26 05,4
22,2017-05-26 06,16
22,2017-05-26 07,183
22,2017-05-26 08,204
22,2017-05-26 09,282
22,2017-05-26 10,233
22,2017-05-26 11,287
22,2017-05-26 12,338
22,2017-05-26 13,221
22,2017-05-26 14,141
22,2017-05-26 15,261
22,2017-05-26 16,179
22,2017-05-26 17,306
22,2017-05-26 18,146
22,2017-05-26 19,98
22,2017-05-26 20,138
22,2017-05-26 21,105
22,2017-05-26 22,73
22,2017-05-26 23,33
22,2017-05-27 00,3
22,2017-05-27 01,4
22,2017-05-27 02,4
22,2017-05-27 03,2
22,2017-05-27 04,4
22,2017-05-27 05,2
22,2017-05-27 06,20
22,2017-05-27 07,89
22,2017-05-27 08,160
22,2017-05-27 09,232
22,2017-05-27 10,298
22,2017-05-27 11,330
22,2017-05-27 12,287
22,2017-05-27 13,137
22,2017-05-27 14,143
22,2017-05-27 15,160
22,2017-05-27 16,136
22,2017-05-27 17,209
22,2017-05-27 18,159
22,2017-05-27 19,113
22,2017-05-27 20,84
22,2017-05-27 21,66
22,2017-05-27 22,65
22,2017-05-27 23,34
22,2017-05-28 00,6
22,2017-05-28 01,3
22,2017-05-28 02,3
22,2017-05-28 03,3
22,2017-05-28 04,4
22,2017-05-28 05,2
22,2017-05-28 06,16
22,2017-05-28 07,33
22,2017-05-28 08,109
22,2017-05-28 09,79
22,2017-05-28 10,62
22,2017-05-28 11,149
22,2017-05-28 12,124
22,2017-05-28 13,114
22,2017-05-28 14,79
22,2017-05-28 15,120
22,2017-05-28 16,108
22,2017-05-28 17,104
22,2017-05-28 18,137
22,2017-05-28 19,90
22,2017-05-28 20,82
22,2017-05-28 21,73
22,2017-05-28 22,57
22,2017-05-28 23,18
22,2017-05-29 00,7
22,2017-05-29 01,2
22,2017-05-29 02,1
22,2017-05-29 03,2
22,2017-05-29 04,4
22,2017-05-29 05,2
22,2017-05-29 06,13
22,2017-05-29 07,20
22,2017-05-29 08,34
22,2017-05-29 09,79
22,2017-05-29 10,88
22,2017-05-29 11,104
22,2017-05-29 12,146
22,2017-05-29 13,114
22,2017-05-29 14,137
22,2017-05-29 15,149
22,2017-05-29 16,155
22,2017-05-29 17,165
22,2017-05-29 18,133
22,2017-05-29 19,235
22,2017-05-29 20,167
22,2017-05-29 21,62
22,2017-05-29 22,68
22,2017-05-29 23,37
22,2017-05-30 00,5
22,2017-05-30 01,3
22,2017-05-30 02,7.0
22,2017-05-30 03,1
22,2017-05-30 04,4
22,2017-05-30 05,4
22,2017-05-30 06,8
22,2017-05-30 07,10
22,2017-05-30 08,68
22,2017-05-30 09,65
22,2017-05-30 10,62
22,2017-05-30 11,92
22,2017-05-30 12,162
22,2017-05-30 13,169
22,2017-05-30 14,237
22,2017-05-30 15,136
22,2017-05-30 16,113
22,2017-05-30 17,269
22,2017-05-30 18,223
22,2017-05-30 19,137
22,2017-05-30 20,136
22,2017-05-30 21,122
22,2017-05-30 22,78
22,2017-05-30 23,13
22,2017-05-31 00,5
22,2017-05-31 01,4
22,2017-05-31 02,2
22,2017-05-31 03,3
22,2017-06-19 09,135
22,2017-06-19 10,178
22,2017-06-19 11,248
22,2017-06-19 12,177
22,2017-06-19 13,133
22,2017-06-19 14,178
22,2017-06-19 15,125
22,2017-06-19 16,89
22,2017-06-19 17,243
22,2017-06-19 18,212
22,2017-06-19 19,78
22,2017-06-19 20,85
22,2017-06-19 21,102
22,2017-06-19 22,67
22,2017-06-19 23,16
22,2017-06-20 00,3
22,2017-06-20 01,2
22,2017-06-20 02,2
22,2017-06-20 05,1
22,2017-06-20 06,23
22,2017-06-20 07,52
22,2017-06-20 08,135
22,2017-06-20 09,207
22,2017-06-20 10,185
22,2017-06-20 11,279
22,2017-06-20 12,386
22,2017-06-20 13,158
22,2017-06-20 14,200
22,2017-06-20 15,429
22,2017-06-20 16,207
22,2017-06-20 17,385
22,2017-06-20 18,250
22,2017-06-20 19,159
22,2017-06-20 20,130
22,2017-06-20 21,98
22,2017-06-20 22,65
22,2017-06-20 23,22
22,2017-06-21 00,7
22,2017-06-21 01,5
22,2017-06-21 02,3
22,2017-06-21 03,1
22,2017-06-21 04,2
22,2017-06-21 05,2
22,2017-06-21 06,7
22,2017-06-21 07,142
22,2017-06-21 08,167
22,2017-06-21 09,245
22,2017-06-21 10,230
22,2017-06-21 11,273
22,2017-06-21 12,279
22,2017-06-21 13,209
22,2017-06-21 14,283
22,2017-06-21 15,257
22,2017-06-21 16,311
22,2017-06-21 17,334
22,2017-06-21 18,245
22,2017-06-21 19,127
22,2017-06-21 20,96
22,2017-06-21 21,96
22,2017-06-21 22,83
22,2017-06-21 23,14
22,2017-06-22 00,4
22,2017-06-22 02,2
22,2017-06-22 03,1
22,2017-06-22 04,1
22,2017-06-22 05,1
22,2017-06-22 06,17
22,2017-06-22 07,95
22,2017-06-22 08,176
22,2017-06-22 09,141
22,2017-06-22 10,144
22,2017-06-22 11,266
22,2017-06-22 12,191
22,2017-06-22 13,148
22,2017-06-22 14,222
22,2017-06-22 15,320
22,2017-06-22 16,162
22,2017-06-22 17,644.0
22,2017-06-22 18,470.0
22,2017-06-22 19,301.5
22,2017-06-22 20,285.5
22,2017-06-22 21,257.75
22,2017-06-22 22,162.5
22,2017-06-22 23,42.5
22,2017-06-23 00,13.0
22,2017-06-23 01,7
22,2017-06-23 02,4
22,2017-06-23 03,2
22,2017-06-23 04,2
22,2017-06-23 05,3
22,2017-06-23 06,3
22,2017-06-23 08,60
22,2017-06-23 09,139
22,2017-06-23 10,164
22,2017-06-23 11,221
22,2017-06-23 12,326
22,2017-06-23 13,149
22,2017-06-23 14,194
22,2017-06-23 15,288
22,2017-06-23 16,200
22,2017-06-23 17,247
22,2017-06-23 18,145
22,2017-06-23 19,70
22,2017-06-23 20,76
22,2017-06-23 21,70
22,2017-06-23 22,51
22,2017-06-23 23,7
22,2017-06-24 00,4
22,2017-06-24 01,1
22,2017-06-24 02,1
22,2017-06-24 03,1
22,2017-06-24 04,1
22,2017-06-24 05,1
22,2017-06-24 06,11
22,2017-06-24 07,199
22,2017-06-24 08,321
22,2017-06-24 09,469
22,2017-06-24 10,476
22,2017-06-24 11,271
22,2017-06-24 12,292
22,2017-06-24 13,331
22,2017-06-24 14,319
22,2017-06-24 15,320
22,2017-06-24 16,239
22,2017-06-24 17,183
22,2017-06-24 18,92
22,2017-06-24 19,122
22,2017-06-24 20,95
22,2017-06-24 21,124
22,2017-06-24 22,60
22,2017-06-24 23,18
22,2017-06-25 00,9
22,2017-06-25 01,2
22,2017-06-25 02,2
22,2017-06-25 05,2
22,2017-06-25 06,23
22,2017-06-25 07,33
22,2017-06-25 08,69
22,2017-06-25 09,80
22,2017-06-25 10,80
22,2017-06-25 11,122
22,2017-06-25 12,96
22,2017-06-25 13,105
22,2017-06-25 14,76
22,2017-06-25 15,108
22,2017-06-25 16,116
22,2017-06-25 17,161
22,2017-06-25 18,97
22,2017-06-25 19,118
22,2017-06-25 20,95
22,2017-06-25 21,85
22,2017-06-25 22,95
22,2017-06-25 23,20
22,2017-06-26 00,6
22,2017-06-26 02,3
22,2017-06-26 03,1
22,2017-06-26 05,1
22,2017-06-26 06,29
22,2017-06-26 07,152
22,2017-06-26 08,140
22,2017-06-26 09,245
22,2017-06-26 10,395
22,2017-06-26 11,543
22,2017-06-26 12,257
22,2017-06-26 13,187
22,2017-06-26 14,221
22,2017-06-26 15,237
22,2017-06-26 16,157
22,2017-06-26 17,251
22,2017-06-26 18,145
22,2017-06-26 19,78
22,2017-06-26 20,74
22,2017-06-26 21,93
22,2017-06-26 22,72
22,2017-06-26 23,7
22,2017-06-27 00,3
22,2017-06-27 01,1
22,2017-06-27 02,1
22,2017-06-27 03,1
22,2017-06-27 04,1
22,2017-06-27 05,1
22,2017-06-27 06,19
22,2017-06-27 07,57
22,2017-06-27 08,136
22,2017-06-27 09,199
22,2017-06-27 10,139
22,2017-06-27 11,135
22,2017-06-27 12,169
22,2017-06-27 13,135
22,2017-06-27 14,150
22,2017-06-27 15,139
22,2017-06-27 16,107
22,2017-06-27 17,183
22,2017-06-27 18,142
22,2017-06-27 19,104
22,2017-06-27 20,108
22,2017-06-27 21,87
22,2017-06-27 22,83
22,2017-06-27 23,28
22,2017-06-28 00,13.0
22,2017-06-28 01,2
22,2017-06-28 02,2
22,2017-06-28 03,2
22,2017-06-28 04,1
22,2017-06-28 05,7
22,2017-06-28 06,13
22,2017-06-28 07,79
22,2017-06-28 08,160
22,2017-06-28 09,151
22,2017-06-28 10,211
22,2017-06-28 11,687.0
22,2017-06-28 12,570
22,2017-06-28 13,312
22,2017-06-28 14,282
22,2017-06-28 15,289
22,2017-06-28 16,279
22,2017-06-28 17,435
22,2017-06-28 18,470.0
22,2017-06-28 19,301.5
22,2017-06-28 20,113
22,2017-06-28 21,257.75
22,2017-06-28 22,162.5
22,2017-06-28 23,42.5
22,2017-06-29 00,13.0
22,2017-06-29 01,7.0
22,2017-06-29 02,5
22,2017-06-29 03,5
22,2017-06-29 04,4
22,2017-06-29 05,9
22,2017-06-29 06,30.0
22,2017-06-29 07,341.5
22,2017-06-29 08,497.5
22,2017-06-29 09,654.0
22,2017-06-29 10,488.75
22,2017-06-29 11,687.0
22,2017-06-29 12,659.5
22,2017-06-29 13,433
22,2017-06-29 14,423.375
22,2017-06-29 15,562.25
22,2017-06-29 16,369.75
22,2017-06-29 17,644.0
22,2017-06-29 18,425
22,2017-06-29 19,301.5
22,2017-06-29 20,285.5
22,2017-06-29 21,229
22,2017-06-29 22,162.5
22,2017-06-29 23,42.5
22,2017-06-30 00,13.0
22,2017-06-30 01,5
22,2017-06-30 02,3
22,2017-06-30 03,4
22,2017-06-30 04,8
22,2017-06-30 05,7
22,2017-06-30 06,30.0
22,2017-06-30 07,292
22,2017-06-30 08,373
22,2017-06-30 09,481
22,2017-06-30 10,414
22,2017-06-30 11,670
22,2017-06-30 12,417
22,2017-06-30 13,291
22,2017-06-30 14,423.375
22,2017-06-30 15,361
22,2017-06-30 16,205
22,2017-06-30 17,141
22,2017-06-30 18,106
22,2017-06-30 19,95
22,2017-06-30 20,166
22,2017-06-30 21,69
22,2017-06-30 22,45
22,2017-06-30 23,18
22,2017-07-01 00,4
22,2017-07-01 01,4
22,2017-07-01 02,2
22,2017-07-01 03,1
22,2017-07-01 05,3
22,2017-07-01 06,23
22,2017-07-01 07,42
22,2017-07-01 08,141
22,2017-07-01 09,195
22,2017-07-01 10,60
22,2017-07-01 11,149
22,2017-07-01 12,72
22,2017-07-01 13,106
22,2017-07-01 14,84
22,2017-07-01 15,86
22,2017-07-01 16,97
22,2017-07-01 17,97
22,2017-07-01 18,108
22,2017-07-01 19,70
22,2017-07-01 20,64
22,2017-07-01 21,47
22,2017-07-01 22,43
22,2017-07-01 23,9
22,2017-07-02 00,2
22,2017-07-02 01,2
22,2017-07-02 02,3
22,2017-07-02 06,18
22,2017-07-02 07,40
22,2017-07-02 08,176
22,2017-07-02 09,165
22,2017-07-02 10,187
22,2017-07-02 11,486
22,2017-07-02 12,48
22,2017-07-02 13,122
22,2017-07-02 14,107
22,2017-07-02 15,105
22,2017-07-02 16,135
22,2017-07-02 17,105
22,2017-07-02 18,72
22,2017-07-02 19,50
22,2017-07-02 20,68
22,2017-07-02 21,74
22,2017-07-02 22,45
22,2017-07-02 23,8
22,2017-07-03 00,6
22,2017-07-03 01,1
22,2017-07-03 04,1
22,2017-07-03 05,2
22,2017-07-03 06,14
22,2017-07-03 07,194
22,2017-07-03 08,426
22,2017-07-03 09,461
22,2017-07-03 10,368
22,2017-07-03 11,525
22,2017-07-03 12,178
22,2017-07-03 13,398
22,2017-07-03 14,423.375
22,2017-07-03 15,415
22,2017-07-03 16,369.75
22,2017-07-03 17,397
22,2017-07-03 18,170
22,2017-07-03 19,91
22,2017-07-03 20,61
22,2017-07-03 21,82
22,2017-07-03 22,66
22,2017-07-03 23,13
22,2017-07-04 00,4
22,2017-07-04 01,1
22,2017-07-04 02,1
22,2017-07-04 04,1
22,2017-07-04 05,1
22,2017-07-04 06,9
22,2017-07-04 07,121
22,2017-07-04 08,297
22,2017-07-04 09,282
22,2017-07-04 10,313
22,2017-07-04 11,411
22,2017-07-04 12,217
22,2017-07-04 13,354
22,2017-07-04 14,264
22,2017-07-04 15,182
22,2017-07-04 16,52
22,2017-07-04 17,66
22,2017-07-04 18,40
22,2017-07-04 19,43
22,2017-07-04 20,11
22,2017-07-04 21,27
22,2017-07-04 22,44
22,2017-07-04 23,18
22,2017-07-05 00,1
22,2017-07-05 01,3
22,2017-07-05 02,2
22,2017-07-05 03,1
22,2017-07-05 04,1
22,2017-07-05 05,3
22,2017-07-05 06,16
22,2017-07-05 07,91
22,2017-07-05 08,221
22,2017-07-05 09,138
22,2017-07-05 10,144
22,2017-07-05 11,308
22,2017-07-05 12,199
22,2017-07-05 13,392
22,2017-07-05 14,359
22,2017-07-05 15,308
22,2017-07-05 16,342
22,2017-07-05 17,336
22,2017-07-05 18,148
22,2017-07-05 19,118
22,2017-07-05 20,83
22,2017-07-05 21,93
22,2017-07-05 22,75
22,2017-07-05 23,17
22,2017-07-06 00,6
22,2017-07-06 01,2
22,2017-07-06 03,2
22,2017-07-06 04,1
22,2017-07-06 05,1
22,2017-07-06 06,11
22,2017-07-06 07,87
22,2017-07-06 08,317
22,2017-07-06 09,352
22,2017-07-06 10,364
22,2017-07-06 11,426
22,2017-07-06 12,185
22,2017-07-06 13,170
22,2017-07-06 14,189
22,2017-07-06 15,133
22,2017-07-06 16,157
22,2017-07-06 17,223
22,2017-07-06 18,154
22,2017-07-06 19,60
22,2017-07-06 20,71
22,2017-07-06 21,66
22,2017-07-06 22,47
22,2017-07-06 23,17
22,2017-07-07 00,6
22,2017-07-07 01,2
22,2017-07-07 04,1
22,2017-07-07 05,1
22,2017-07-07 06,17
22,2017-07-07 07,70
22,2017-07-07 08,287
22,2017-07-07 09,329
22,2017-07-07 10,213
22,2017-07-07 11,360
22,2017-07-07 12,171
22,2017-07-07 13,187
22,2017-07-07 14,183
22,2017-07-07 15,161
22,2017-07-07 16,195
22,2017-07-07 17,241
22,2017-07-07 18,178
22,2017-07-07 19,127
22,2017-07-07 20,88
22,2017-07-07 21,78
22,2017-07-07 22,45
22,2017-07-07 23,10
22,2017-07-08 00,3
22,2017-07-08 01,2
22,2017-07-08 03,2
22,2017-07-08 05,1
22,2017-07-08 06,10
22,2017-07-08 07,43
22,2017-07-08 08,76
22,2017-07-08 09,84
22,2017-07-08 10,91
22,2017-07-08 11,139
22,2017-07-08 12,133
22,2017-07-08 13,105
22,2017-07-08 14,109
22,2017-07-08 15,153
22,2017-07-08 16,215
22,2017-07-08 17,170
22,2017-07-08 18,149
22,2017-07-08 19,93
22,2017-07-08 20,99
22,2017-07-08 21,74
22,2017-07-08 22,79
22,2017-07-08 23,20
22,2017-07-09 00,3
22,2017-07-09 01,4
22,2017-07-09 02,1
22,2017-07-09 03,1
22,2017-07-09 04,1
22,2017-07-09 05,3
22,2017-07-09 06,19
22,2017-07-09 07,50
22,2017-07-09 08,114
22,2017-07-09 09,111
22,2017-07-09 10,174
22,2017-07-09 11,144
22,2017-07-09 12,105
22,2017-07-09 13,93
22,2017-07-09 14,124
22,2017-07-09 15,202
22,2017-07-09 16,251
22,2017-07-09 17,125
22,2017-07-09 18,94
22,2017-07-09 19,111
22,2017-07-09 20,56
22,2017-07-09 21,73
22,2017-07-09 22,65
22,2017-07-09 23,15
22,2017-07-10 00,2
22,2017-07-10 02,2
22,2017-07-10 03,1
22,2017-07-10 04,1
22,2017-07-10 05,6
22,2017-07-10 06,20
22,2017-07-10 07,87
22,2017-07-10 08,313
22,2017-07-10 09,350
22,2017-07-10 10,237
22,2017-07-10 11,453
22,2017-07-10 12,215
22,2017-07-10 13,333
22,2017-07-10 14,310
22,2017-07-10 15,252
22,2017-07-10 16,239
22,2017-07-10 17,338
22,2017-07-10 18,160
22,2017-07-10 19,96
22,2017-07-10 20,90
22,2017-07-10 21,122
22,2017-07-10 22,81
22,2017-07-10 23,33
22,2017-07-11 00,5
22,2017-07-11 01,2
22,2017-07-11 02,2
22,2017-07-11 03,1
22,2017-07-11 04,1
22,2017-07-11 05,3
22,2017-07-11 06,24
22,2017-07-11 07,109
22,2017-07-11 08,325
22,2017-07-11 09,278
22,2017-07-11 10,283
22,2017-07-11 11,348
22,2017-07-11 12,128
22,2017-07-11 13,248
22,2017-07-11 14,329
22,2017-07-11 15,207
22,2017-07-11 16,230
22,2017-07-11 17,282
22,2017-07-11 18,111
22,2017-07-11 19,71
22,2017-07-11 20,60
22,2017-07-11 21,50
22,2017-07-11 22,39
22,2017-07-11 23,14
22,2017-07-12 00,3
22,2017-07-12 02,1
22,2017-07-12 03,1
22,2017-07-12 04,1
22,2017-07-12 05,4
22,2017-07-12 06,19
22,2017-07-12 07,38
22,2017-07-12 08,119
22,2017-07-12 09,160
22,2017-07-12 10,148
22,2017-07-12 11,304
22,2017-07-12 12,182
22,2017-07-12 13,220
22,2017-07-12 14,310
22,2017-07-12 15,185
22,2017-07-12 16,227
22,2017-07-12 17,296
22,2017-07-12 18,172
22,2017-07-12 19,94
22,2017-07-12 20,101
22,2017-07-12 21,81
22,2017-07-12 22,63
22,2017-07-12 23,15
22,2017-07-13 00,1
22,2017-07-13 01,1
22,2017-07-13 06,11
22,2017-07-13 07,84
22,2017-07-13 08,253
22,2017-07-13 09,397
22,2017-07-13 10,256
22,2017-07-13 11,306
22,2017-07-13 12,199
22,2017-07-13 13,245
22,2017-07-13 14,220
22,2017-07-13 15,216
22,2017-07-13 16,202
22,2017-07-13 17,263
22,2017-07-13 18,164
22,2017-07-13 19,94
22,2017-07-13 20,115
22,2017-07-13 21,92
22,2017-07-13 22,68
22,2017-07-13 23,15
22,2017-07-14 00,1
22,2017-07-14 01,2
22,2017-07-14 02,1
22,2017-07-14 04,1
22,2017-07-14 05,6
22,2017-07-14 06,18
22,2017-07-14 07,98
22,2017-07-14 08,310
22,2017-07-14 09,339
22,2017-07-14 10,281
22,2017-07-14 11,406
22,2017-07-14 12,231
22,2017-07-14 13,193
22,2017-07-14 14,202
22,2017-07-14 15,181
22,2017-07-14 16,150
22,2017-07-14 17,243
22,2017-07-14 18,134
22,2017-07-14 19,88
22,2017-07-14 20,62
22,2017-07-14 21,53
22,2017-07-14 22,48
22,2017-07-14 23,14
22,2017-09-04 00,4
22,2017-09-04 01,2
22,2017-09-04 05,2
22,2017-09-04 06,16
22,2017-09-04 07,124
22,2017-09-04 08,285
22,2017-09-04 09,202
22,2017-09-04 10,258
22,2017-09-04 11,351
22,2017-09-04 12,163
22,2017-09-04 13,272
22,2017-09-04 14,199
22,2017-09-04 15,172
22,2017-09-04 16,167
22,2017-09-04 17,219
22,2017-09-04 18,199
22,2017-09-04 19,117
22,2017-09-04 20,125
22,2017-09-04 21,118
22,2017-09-04 22,55
22,2017-09-04 23,27
22,2017-09-05 00,1
22,2017-09-05 01,1
22,2017-09-05 05,2
22,2017-09-05 06,5
22,2017-09-05 07,77
22,2017-09-05 08,188
22,2017-09-05 09,165
22,2017-09-05 10,179
22,2017-09-05 11,361
22,2017-09-05 12,170
22,2017-09-05 13,326
22,2017-09-05 14,217
22,2017-09-05 15,176
22,2017-09-05 16,176
22,2017-09-05 17,291
22,2017-09-05 18,139
22,2017-09-05 19,126
22,2017-09-05 20,102
22,2017-09-05 21,103
22,2017-09-05 22,56
22,2017-09-05 23,15
22,2017-09-06 00,3
22,2017-09-06 02,1
22,2017-09-06 05,5
22,2017-09-06 06,30.0
22,2017-09-06 07,91
22,2017-09-06 08,213
22,2017-09-06 09,197
22,2017-09-06 10,273
22,2017-09-06 11,475
22,2017-09-06 12,217
22,2017-09-06 13,265
22,2017-09-06 14,233
22,2017-09-06 15,207
22,2017-09-06 16,258
22,2017-09-06 17,374
22,2017-09-06 18,259
22,2017-09-06 19,173
22,2017-09-06 20,174
22,2017-09-06 21,112
22,2017-09-06 22,93
22,2017-09-06 23,20
22,2017-09-07 00,2
22,2017-09-07 01,1
22,2017-09-07 04,1
22,2017-09-07 05,1
22,2017-09-07 06,14
22,2017-09-07 07,66
22,2017-09-07 08,201
22,2017-09-07 09,215
22,2017-09-07 10,260
22,2017-09-07 11,391
22,2017-09-07 12,237
22,2017-09-07 13,277
22,2017-09-07 14,233
22,2017-09-07 15,217
22,2017-09-07 16,154
22,2017-09-07 17,309
22,2017-09-07 18,216
22,2017-09-07 19,125
22,2017-09-07 20,84
22,2017-09-07 21,97
22,2017-09-07 22,73
22,2017-09-07 23,30
22,2017-09-08 00,3
22,2017-09-08 02,2
22,2017-09-08 03,2
22,2017-09-08 04,2
22,2017-09-08 05,2
22,2017-09-08 06,11
22,2017-09-08 07,88
22,2017-09-08 08,266
22,2017-09-08 09,217
22,2017-09-08 10,172
22,2017-09-08 11,365
22,2017-09-08 12,202
22,2017-09-08 13,219
22,2017-09-08 14,186
22,2017-09-08 15,192
22,2017-09-08 16,168
22,2017-09-08 17,221
22,2017-09-08 18,181
22,2017-09-08 19,120
22,2017-09-08 20,100
22,2017-09-08 21,95
22,2017-09-08 22,61
22,2017-09-08 23,28
22,2017-09-09 00,5
22,2017-09-09 01,2
22,2017-09-09 02,2
22,2017-09-09 03,3
22,2017-09-09 04,2
22,2017-09-09 05,2
22,2017-09-09 06,14
22,2017-09-09 07,30
22,2017-09-09 08,52
22,2017-09-09 09,95
22,2017-09-09 10,100
22,2017-09-09 11,142
22,2017-09-09 12,115
22,2017-09-09 13,81
22,2017-09-09 14,90
22,2017-09-09 15,91
22,2017-09-09 16,51
22,2017-09-09 17,75
22,2017-09-09 18,107
22,2017-09-09 19,135
22,2017-09-09 20,73
22,2017-09-09 21,62
22,2017-09-09 22,32
22,2017-09-09 23,11
22,2017-09-10 00,2
22,2017-09-10 01,2
22,2017-09-10 02,1
22,2017-09-10 03,2
22,2017-09-10 04,2
22,2017-09-10 05,4
22,2017-09-10 06,17
22,2017-09-10 07,22
22,2017-09-10 08,55
22,2017-09-10 09,97
22,2017-09-10 10,78
22,2017-09-10 11,137
22,2017-09-10 12,159
22,2017-09-10 13,96
22,2017-09-10 14,94
22,2017-09-10 15,105
22,2017-09-10 16,114
22,2017-09-10 17,137
22,2017-09-10 18,107
22,2017-09-10 19,127
22,2017-09-10 20,122
22,2017-09-10 21,88
22,2017-09-10 22,57
22,2017-09-10 23,15
22,2017-09-11 00,1
22,2017-09-11 04,2
22,2017-09-11 05,2
22,2017-09-11 06,16
22,2017-09-11 07,190
22,2017-09-11 08,404
22,2017-09-11 09,339
22,2017-09-11 10,287
22,2017-09-11 11,386
22,2017-09-11 12,168
22,2017-09-11 13,195
22,2017-09-11 14,259
22,2017-09-11 15,267
22,2017-09-11 16,251
22,2017-09-11 17,356
22,2017-09-11 18,313
22,2017-09-11 19,233
22,2017-09-11 20,135
22,2017-09-11 21,106
22,2017-09-11 22,66
22,2017-09-11 23,11
22,2017-09-12 00,4
22,2017-09-12 01,1
22,2017-09-12 02,1
22,2017-09-12 03,1
22,2017-09-12 04,1
22,2017-09-12 05,9
22,2017-09-12 06,18
22,2017-09-12 07,125
22,2017-09-12 08,269
22,2017-09-12 09,260
22,2017-09-12 10,246
22,2017-09-12 11,340
22,2017-09-12 12,211
22,2017-09-12 13,266
22,2017-09-12 14,163
22,2017-09-12 15,235
22,2017-09-12 16,295
22,2017-09-12 17,572
22,2017-09-12 18,470.0
22,2017-09-12 19,301.5
22,2017-09-12 20,285.5
22,2017-09-12 21,129
22,2017-09-12 22,85
22,2017-09-12 23,25
22,2017-09-13 00,7
22,2017-09-13 01,6
22,2017-09-13 02,3
22,2017-09-13 03,3
22,2017-09-13 04,3
22,2017-09-13 05,4
22,2017-09-13 06,30.0
22,2017-09-13 07,123
22,2017-09-13 08,193
22,2017-09-13 09,148
22,2017-09-13 10,156
22,2017-09-13 11,260
22,2017-09-13 12,245
22,2017-09-13 13,173
22,2017-09-13 14,197
22,2017-09-13 15,277
22,2017-09-13 16,326
22,2017-09-13 17,462
22,2017-09-13 18,470.0
22,2017-09-13 19,301.5
22,2017-09-13 20,285.5
22,2017-09-13 21,257.75
22,2017-09-13 22,51
22,2017-09-13 23,7
22,2017-09-14 00,4
22,2017-09-14 01,2
22,2017-09-14 02,2
22,2017-09-14 03,7.25
22,2017-09-14 04,4
22,2017-09-14 05,3
22,2017-09-14 06,17
22,2017-09-14 07,94
22,2017-09-14 08,215
22,2017-09-14 09,164
22,2017-09-14 10,138
22,2017-09-14 11,300
22,2017-09-14 12,219
22,2017-09-14 13,230
22,2017-09-14 14,231
22,2017-09-14 15,313
22,2017-09-14 16,217
22,2017-09-14 17,321
22,2017-09-14 18,258
22,2017-09-14 19,185
22,2017-09-14 20,258
22,2017-09-14 21,117
22,2017-09-14 22,81
22,2017-09-14 23,19
22,2017-09-15 00,12
22,2017-09-15 01,4
22,2017-09-15 02,3
22,2017-09-15 03,2
22,2017-09-15 04,2
22,2017-09-15 05,5
22,2017-09-15 06,21
22,2017-09-15 07,80
22,2017-09-15 08,191
22,2017-09-15 09,199
22,2017-09-15 10,176
22,2017-09-15 11,311
22,2017-09-15 12,173
22,2017-09-15 13,244
22,2017-09-15 14,264
22,2017-09-15 15,288
22,2017-09-15 16,210
22,2017-09-15 17,236
22,2017-09-15 18,152
22,2017-09-15 19,88
22,2017-09-15 20,102
22,2017-09-15 21,78
22,2017-09-15 22,56
22,2017-09-15 23,14
22,2017-09-16 00,8
22,2017-09-16 01,1
22,2017-09-16 02,1
22,2017-09-16 03,1
22,2017-09-16 04,1
22,2017-09-16 05,2
22,2017-09-16 06,9
22,2017-09-16 07,42
22,2017-09-16 08,66
22,2017-09-16 09,82
22,2017-09-16 10,95
22,2017-09-16 11,125
22,2017-09-16 12,117
22,2017-09-16 13,69
22,2017-09-16 14,67
22,2017-09-16 15,103
22,2017-09-16 16,136
22,2017-09-16 17,171
22,2017-09-16 18,120
22,2017-09-16 19,103
22,2017-09-16 20,87
22,2017-09-16 21,86
22,2017-09-16 22,46
22,2017-09-16 23,12
22,2017-09-17 00,3
22,2017-09-17 01,2
22,2017-09-17 02,2
22,2017-09-17 03,2
22,2017-09-17 04,2
22,2017-09-17 05,4
22,2017-09-17 06,18
22,2017-09-17 07,36
22,2017-09-17 08,72
22,2017-09-17 09,79
22,2017-09-17 10,88
22,2017-09-17 11,191
22,2017-09-17 12,222
22,2017-09-17 13,309
22,2017-09-17 14,382
22,2017-09-17 15,200
22,2017-09-17 16,233
22,2017-09-17 17,319
22,2017-09-17 18,217
22,2017-09-17 19,83
22,2017-09-17 20,69
22,2017-09-17 21,59
22,2017-09-17 22,41
22,2017-09-17 23,13
22,2017-09-18 00,3
22,2017-09-18 01,4
22,2017-09-18 02,2
22,2017-09-18 03,1
22,2017-09-18 04,1
22,2017-09-18 05,5
22,2017-09-18 06,13
22,2017-09-18 07,92
22,2017-09-18 08,274
22,2017-09-18 09,290
22,2017-09-18 10,225
22,2017-09-18 11,402
22,2017-09-18 12,231
22,2017-09-18 13,314
22,2017-09-18 14,321
22,2017-09-18 15,515
22,2017-09-18 16,369.75
22,2017-09-18 17,450
22,2017-09-18 18,470.0
22,2017-09-18 19,301.5
22,2017-09-18 20,285.5
22,2017-09-18 21,147
22,2017-09-18 22,83
22,2017-09-18 23,19
22,2017-09-19 00,4
22,2017-09-19 01,2
22,2017-09-19 02,3
22,2017-09-19 03,3
22,2017-09-19 04,2
22,2017-09-19 05,6
22,2017-09-19 06,20
22,2017-09-19 07,156
22,2017-09-19 08,391
22,2017-09-19 09,252
22,2017-09-19 10,165
22,2017-09-19 11,309
22,2017-09-19 12,165
22,2017-09-19 13,242
22,2017-09-19 14,230
22,2017-09-19 15,249
22,2017-09-19 16,254
22,2017-09-19 17,368
22,2017-09-19 18,186
22,2017-09-19 19,131
22,2017-09-19 20,156
22,2017-09-19 21,149
22,2017-09-19 22,48
22,2017-09-19 23,8
22,2017-09-20 00,4
22,2017-09-20 01,2
22,2017-09-20 02,1
22,2017-09-20 03,3
22,2017-09-20 04,1
22,2017-09-20 05,5
22,2017-09-20 06,18
22,2017-09-20 07,82
22,2017-09-20 08,224
22,2017-09-20 09,217
22,2017-09-20 10,154
22,2017-09-20 11,280
22,2017-09-20 12,201
22,2017-09-20 13,230
22,2017-09-20 14,325
22,2017-09-20 15,405
22,2017-09-20 16,326
22,2017-09-20 17,408
22,2017-09-20 18,390
22,2017-09-20 19,253
22,2017-09-20 20,265
22,2017-09-20 21,187
22,2017-09-20 22,89
22,2017-09-20 23,30
22,2017-09-21 00,2
22,2017-09-21 01,4
22,2017-09-21 02,2
22,2017-09-21 03,2
22,2017-09-21 04,1
22,2017-09-21 05,2
22,2017-09-21 06,12
22,2017-09-21 07,127
22,2017-09-21 08,331
22,2017-09-21 09,244
22,2017-09-21 10,245
22,2017-09-21 11,338
22,2017-09-21 12,252
22,2017-09-21 13,307
22,2017-09-21 14,283
22,2017-09-21 15,297
22,2017-09-21 16,321
22,2017-09-21 17,569
22,2017-09-21 18,470.0
22,2017-09-21 19,301.5
22,2017-09-21 20,285.5
22,2017-09-21 21,209
22,2017-09-21 22,106
22,2017-09-21 23,31
22,2017-09-22 00,5
22,2017-09-22 01,6
22,2017-09-22 02,4
22,2017-09-22 03,5
22,2017-09-22 04,5
22,2017-09-22 05,9
22,2017-09-22 06,21
22,2017-09-22 07,92
22,2017-09-22 08,318
22,2017-09-22 09,250
22,2017-09-22 10,194
22,2017-09-22 11,357
22,2017-09-22 12,253
22,2017-09-22 13,242
22,2017-09-22 14,266
22,2017-09-22 15,254
22,2017-09-22 16,246
22,2017-09-22 17,218
22,2017-09-22 18,235
22,2017-09-22 19,126
22,2017-09-22 20,180
22,2017-09-22 21,184
22,2017-09-22 22,79
22,2017-09-22 23,20
22,2017-09-23 00,8
22,2017-09-23 01,5
22,2017-09-23 02,4
22,2017-09-23 03,5
22,2017-09-23 04,2
22,2017-09-23 05,3
22,2017-09-23 06,12
22,2017-09-23 07,50
22,2017-09-23 08,86
22,2017-09-23 09,138
22,2017-09-23 10,117
22,2017-09-23 11,242
22,2017-09-23 12,327
22,2017-09-23 13,244
22,2017-09-23 14,177
22,2017-09-23 15,175
22,2017-09-23 16,185
22,2017-09-23 17,213
22,2017-09-23 18,167
22,2017-09-23 19,170
22,2017-09-23 20,173
22,2017-09-23 21,114
22,2017-09-23 22,87
22,2017-09-23 23,16
22,2017-09-24 00,3
22,2017-09-24 01,1
22,2017-09-24 03,1
22,2017-09-24 04,2
22,2017-09-24 05,2
22,2017-09-24 06,16
22,2017-09-24 07,28
22,2017-09-24 08,70
22,2017-09-24 09,103
22,2017-09-24 10,95
22,2017-09-24 11,142
22,2017-09-24 12,203
22,2017-09-24 13,109
22,2017-09-24 14,61
22,2017-09-24 15,135
22,2017-09-24 16,206
22,2017-09-24 17,236
22,2017-09-24 18,250
22,2017-09-24 19,197
22,2017-09-24 20,285.5
22,2017-09-24 21,203
22,2017-09-24 22,67
22,2017-09-24 23,27
22,2017-09-25 00,5
22,2017-09-25 01,4
22,2017-09-25 02,4
22,2017-09-25 03,5
22,2017-09-25 04,4
22,2017-09-25 05,8
22,2017-09-25 06,18
22,2017-09-25 07,305
22,2017-09-25 08,287
22,2017-09-25 09,581
22,2017-09-25 10,255
22,2017-09-25 11,309
22,2017-09-25 12,551
22,2017-09-25 13,509
22,2017-09-25 14,414
22,2017-09-25 15,562.25
22,2017-09-25 16,267
22,2017-09-25 17,644.0
22,2017-09-25 18,464
22,2017-09-25 19,286
22,2017-09-25 20,251
22,2017-09-25 21,131
22,2017-09-25 22,70
22,2017-09-25 23,15
22,2017-09-26 00,2
22,2017-09-26 01,2
22,2017-09-26 02,3
22,2017-09-26 03,3
22,2017-09-26 04,8.5
22,2017-09-26 05,8
22,2017-09-26 06,2
22,2017-09-26 07,341.5
22,2017-09-26 08,394
22,2017-09-26 09,654.0
22,2017-09-26 10,380
22,2017-09-26 11,422
22,2017-09-26 12,577
22,2017-09-26 13,542
22,2017-09-26 14,288
22,2017-09-26 15,562.25
22,2017-09-26 16,290
22,2017-09-26 17,575
22,2017-09-26 18,414
22,2017-09-26 19,260
22,2017-09-26 20,144
22,2017-09-26 21,163
22,2017-09-26 22,69
22,2017-09-26 23,18
22,2017-09-27 00,7
22,2017-09-27 01,4
22,2017-09-27 02,3
22,2017-09-27 03,4
22,2017-09-27 04,3
22,2017-09-27 05,5
22,2017-09-27 06,18
22,2017-09-27 07,341.5
22,2017-09-27 08,273
22,2017-09-27 09,650
22,2017-09-27 10,261
22,2017-09-27 11,414
22,2017-09-27 12,399
22,2017-09-27 13,171
22,2017-09-27 14,286
22,2017-09-27 15,115
22,2017-09-27 16,228
22,2017-09-27 17,273
22,2017-09-27 18,334
22,2017-09-27 19,301.5
22,2017-09-27 20,267
22,2017-09-27 21,131
22,2017-09-27 22,132
22,2017-09-27 23,15
22,2017-09-28 00,5
22,2017-09-28 01,5
22,2017-09-28 02,4
22,2017-09-28 03,5
22,2017-09-28 04,6
22,2017-09-28 05,8
22,2017-09-28 06,18
22,2017-09-28 07,341.5
22,2017-09-28 08,497.5
22,2017-09-28 09,539
22,2017-09-28 10,301
22,2017-09-28 11,394
22,2017-09-28 12,407
22,2017-09-28 13,448
22,2017-09-28 14,336
22,2017-09-28 15,370
22,2017-09-28 16,185
22,2017-09-28 17,375
22,2017-09-28 18,327
22,2017-09-28 19,237
22,2017-09-28 20,156
22,2017-09-28 21,180
22,2017-09-28 22,99
22,2017-09-28 23,24
22,2017-09-29 00,9
22,2017-09-29 01,5
22,2017-09-29 02,4
22,2017-09-29 03,5
22,2017-09-29 04,5
22,2017-09-29 05,7
22,2017-09-29 06,30.0
22,2017-09-29 07,341.5
22,2017-09-29 08,443
22,2017-09-29 09,654.0
22,2017-09-29 10,245
22,2017-09-29 11,355
22,2017-09-29 12,475
22,2017-09-29 13,552
22,2017-09-29 14,257
22,2017-09-29 15,435
22,2017-09-29 16,167
22,2017-09-29 17,286
22,2017-09-29 18,227
22,2017-09-29 19,135
22,2017-09-29 20,123
22,2017-09-29 21,93
22,2017-09-29 22,69
22,2017-09-29 23,13
22,2017-09-30 00,2
22,2017-09-30 01,2
22,2017-09-30 02,3
22,2017-09-30 03,2
22,2017-09-30 04,2
22,2017-09-30 05,6
22,2017-09-30 06,17
22,2017-09-30 07,36
22,2017-09-30 08,70
22,2017-09-30 09,80
22,2017-09-30 10,55
22,2017-09-30 11,111
22,2017-09-30 12,135
22,2017-09-30 13,95
22,2017-09-30 14,68
22,2017-09-30 15,94
22,2017-09-30 16,120
22,2017-09-30 17,186
22,2017-09-30 18,134
22,2017-09-30 19,114
22,2017-09-30 20,69
22,2017-09-30 21,63
22,2017-09-30 22,56
22,2017-09-30 23,12
22,2017-10-01 00,6
22,2017-10-01 01,2
22,2017-10-01 02,1
22,2017-10-01 03,1
22,2017-10-01 04,1
22,2017-10-01 05,2
22,2017-10-01 06,10
22,2017-10-01 07,35
22,2017-10-01 08,49
22,2017-10-01 09,159
22,2017-10-01 10,157
22,2017-10-01 11,154
22,2017-10-01 12,150
22,2017-10-01 13,67
22,2017-10-01 14,51
22,2017-10-01 15,91
22,2017-10-01 16,119
22,2017-10-01 17,119
22,2017-10-01 18,126
22,2017-10-01 19,135
22,2017-10-01 20,164
22,2017-10-01 21,104
22,2017-10-01 22,47
22,2017-10-01 23,9
22,2017-10-02 00,4
22,2017-10-02 01,2
22,2017-10-02 02,2
22,2017-10-02 03,3
22,2017-10-02 04,2
22,2017-10-02 05,2
22,2017-10-02 06,9
22,2017-10-02 07,51
22,2017-10-02 08,72
22,2017-10-02 09,122
22,2017-10-02 10,140
22,2017-10-02 11,150
22,2017-10-02 12,135
22,2017-10-02 13,101
22,2017-10-02 14,56
22,2017-10-02 15,88
22,2017-10-02 16,104
22,2017-10-02 17,152
22,2017-10-02 18,138
22,2017-10-02 19,103
22,2017-10-02 20,58
22,2017-10-02 21,81
22,2017-10-02 22,48
22,2017-10-02 23,15
22,2017-10-03 00,5
22,2017-10-03 01,2
22,2017-10-03 02,2
22,2017-10-03 03,2
22,2017-10-03 04,1
22,2017-10-03 05,5
22,2017-10-03 06,6
22,2017-10-03 07,21
22,2017-10-03 08,47
22,2017-10-03 09,103
22,2017-10-03 10,95
22,2017-10-03 11,140
22,2017-10-03 12,130
22,2017-10-03 13,90
22,2017-10-03 14,73
22,2017-10-03 15,99
22,2017-10-03 16,108
22,2017-10-03 17,121
22,2017-10-03 18,117
22,2017-10-03 19,79
22,2017-10-03 20,75
22,2017-10-03 21,76
22,2017-10-03 22,79
22,2017-10-03 23,9
22,2017-10-04 00,1
22,2017-10-04 01,1
22,2017-10-04 02,2
22,2017-10-04 04,1
22,2017-10-04 05,1
22,2017-10-04 06,14
22,2017-10-04 07,68
22,2017-10-04 08,40
22,2017-10-04 09,86
22,2017-10-04 10,75
22,2017-10-04 11,89
22,2017-10-04 12,86
22,2017-10-04 13,61
22,2017-10-04 14,67
22,2017-10-04 15,55
22,2017-10-04 16,96
22,2017-10-04 17,106
22,2017-10-04 18,99
22,2017-10-04 19,66
22,2017-10-04 20,84
22,2017-10-04 21,81
22,2017-10-04 22,62
22,2017-10-04 23,14
22,2017-10-05 00,8
22,2017-10-05 01,2
22,2017-10-05 02,1
22,2017-10-05 04,1
22,2017-10-05 05,2
22,2017-10-05 06,7
22,2017-10-05 07,17
22,2017-10-05 08,285
22,2017-10-05 09,346
22,2017-10-05 10,365
22,2017-10-05 11,430
22,2017-10-05 12,318
22,2017-10-05 13,359
22,2017-10-05 14,295
22,2017-10-05 15,229
22,2017-10-05 16,156
22,2017-10-05 17,182
22,2017-10-05 18,80
22,2017-10-05 19,96
22,2017-10-05 20,103
22,2017-10-05 21,64
22,2017-10-05 22,59
22,2017-10-05 23,7
22,2017-10-06 00,2
22,2017-10-06 01,2
22,2017-10-06 02,3
22,2017-10-06 03,1
22,2017-10-06 04,2
22,2017-10-06 05,1
22,2017-10-06 06,9
22,2017-10-06 07,17
22,2017-10-06 08,261
22,2017-10-06 09,316
22,2017-10-06 10,398
22,2017-10-06 11,408
22,2017-10-06 12,534
22,2017-10-06 13,309
22,2017-10-06 14,183
22,2017-10-06 15,260
22,2017-10-06 16,199
22,2017-10-06 17,199
22,2017-10-06 18,132
22,2017-10-06 19,75
22,2017-10-06 20,57
22,2017-10-06 21,75
22,2017-10-06 22,64
22,2017-10-06 23,19
22,2017-10-07 00,2
22,2017-10-07 01,1
22,2017-10-07 02,1
22,2017-10-07 03,1
22,2017-10-07 05,2
22,2017-10-07 06,4
22,2017-10-07 07,27
22,2017-10-07 08,209
22,2017-10-07 09,322
22,2017-10-07 10,308
22,2017-10-07 11,348
22,2017-10-07 12,409
22,2017-10-07 13,279
22,2017-10-07 14,352
22,2017-10-07 15,312
22,2017-10-07 16,275
22,2017-10-07 17,147
22,2017-10-07 18,192
22,2017-10-07 19,103
22,2017-10-07 20,76
22,2017-10-07 21,105
22,2017-10-07 22,69
22,2017-10-07 23,17
22,2017-10-08 00,3
22,2017-10-08 01,4
22,2017-10-08 02,1
22,2017-10-08 03,7.25
22,2017-10-08 04,8.5
22,2017-10-08 05,3
22,2017-10-08 06,5
22,2017-10-08 07,28
22,2017-10-08 08,186
22,2017-10-08 09,492
22,2017-10-08 10,488.75
22,2017-10-08 11,658
22,2017-10-08 12,507
22,2017-10-08 13,358
22,2017-10-08 14,357
22,2017-10-08 15,265
22,2017-10-08 16,118
22,2017-10-08 17,168
22,2017-10-08 18,198
22,2017-10-08 19,125
22,2017-10-08 20,127
22,2017-10-08 21,155
22,2017-10-08 23,5
22,2017-10-09 00,3
22,2017-10-09 01,5
22,2017-10-09 02,2
22,2017-10-09 03,2
22,2017-10-09 04,2
22,2017-10-09 05,3
22,2017-10-09 06,9
22,2017-10-09 07,230
22,2017-10-09 08,248
22,2017-10-09 09,482
22,2017-10-09 10,300
22,2017-10-09 11,445
22,2017-10-09 12,534
22,2017-10-09 13,539
22,2017-10-09 14,319
22,2017-10-09 15,562.25
22,2017-10-09 16,195
22,2017-10-09 17,644.0
22,2017-10-09 18,470.0
22,2017-10-09 19,301.5
22,2017-10-09 20,285.5
22,2017-10-09 21,257
22,2017-10-09 22,103
22,2017-10-09 23,15
22,2017-10-10 00,4
22,2017-10-10 01,3
22,2017-10-10 02,4
22,2017-10-10 03,5
22,2017-10-10 04,4
22,2017-10-10 05,3
22,2017-10-10 06,10
22,2017-10-10 07,341.5
22,2017-10-10 08,251
22,2017-10-10 09,582
22,2017-10-10 10,442
22,2017-10-10 11,448
22,2017-10-10 12,544
22,2017-10-10 13,522
22,2017-10-10 14,347
22,2017-10-10 15,562.25
22,2017-10-10 16,325
22,2017-10-10 17,644.0
22,2017-10-10 18,415
22,2017-10-10 19,239
22,2017-10-10 20,249
22,2017-10-10 21,209
22,2017-10-10 22,65
22,2017-10-10 23,4
22,2017-10-11 00,4
22,2017-10-11 01,3
22,2017-10-11 02,4
22,2017-10-11 03,2
22,2017-10-11 04,1
22,2017-10-11 05,5
22,2017-10-11 06,15
22,2017-10-11 07,341.5
22,2017-10-11 08,313
22,2017-10-11 09,654.0
22,2017-10-11 10,379
22,2017-10-11 11,471
22,2017-10-11 12,447
22,2017-10-11 13,253
22,2017-10-11 14,267
22,2017-10-11 15,256
22,2017-10-11 16,220
22,2017-10-11 17,398
22,2017-10-11 18,425
22,2017-10-11 19,264
22,2017-10-11 20,285.5
22,2017-10-11 21,227
22,2017-10-11 22,111
22,2017-10-11 23,9
22,2017-10-12 00,2
22,2017-10-12 02,2
22,2017-10-12 03,1
22,2017-10-12 04,1
22,2017-10-12 05,3
22,2017-10-12 06,14
22,2017-10-12 07,327
22,2017-10-12 08,282
22,2017-10-12 09,530
22,2017-10-12 10,240
22,2017-10-12 11,390
22,2017-10-12 12,415
22,2017-10-12 13,449
22,2017-10-12 14,393
22,2017-10-12 15,562.25
22,2017-10-12 16,369.75
22,2017-10-12 17,611
22,2017-10-12 18,470
22,2017-10-12 19,301.5
22,2017-10-12 20,285.5
22,2017-10-12 21,170
22,2017-10-12 22,99
22,2017-10-12 23,11
22,2017-10-13 00,4
22,2017-10-13 01,3
22,2017-10-13 02,2
22,2017-10-13 03,1
22,2017-10-13 04,1
22,2017-10-13 05,1
22,2017-10-13 06,12
22,2017-10-13 07,340
22,2017-10-13 08,239
22,2017-10-13 09,613
22,2017-10-13 10,245
22,2017-10-13 11,319
22,2017-10-13 12,582
22,2017-10-13 13,522
22,2017-10-13 14,286
22,2017-10-13 15,562.25
22,2017-10-13 16,218
22,2017-10-13 17,349
22,2017-10-13 18,254
22,2017-10-13 19,156
22,2017-10-13 20,164
22,2017-10-13 21,131
22,2017-10-13 22,121
22,2017-10-13 23,16
22,2017-10-14 00,3
22,2017-10-14 01,3
22,2017-10-14 02,2
22,2017-10-14 03,1
22,2017-10-14 04,1
22,2017-10-14 05,3
22,2017-10-14 06,9
22,2017-10-14 07,33
22,2017-10-14 08,66
22,2017-10-14 09,118
22,2017-10-14 10,134
22,2017-10-14 11,193
22,2017-10-14 12,248
22,2017-10-14 13,129
22,2017-10-14 14,123
22,2017-10-14 15,117
22,2017-10-14 16,157
22,2017-10-14 17,251
22,2017-10-14 18,205
22,2017-10-14 19,138
22,2017-10-14 20,160
22,2017-10-14 21,173
22,2017-10-14 22,92
22,2017-10-14 23,6
22,2017-10-15 00,5
22,2017-10-15 01,2
22,2017-10-15 02,3
22,2017-10-15 03,3
22,2017-10-15 04,3
22,2017-10-15 05,1
22,2017-10-15 06,17
22,2017-10-15 07,40
22,2017-10-15 08,66
22,2017-10-15 09,167
22,2017-10-15 10,157
22,2017-10-15 11,195
22,2017-10-15 12,223
22,2017-10-15 13,156
22,2017-10-15 14,201
22,2017-10-15 15,163
22,2017-10-15 16,181
22,2017-10-15 17,308
22,2017-10-15 18,302
22,2017-10-15 19,214
22,2017-10-15 20,160
22,2017-10-15 21,196
22,2017-10-15 22,99
22,2017-10-15 23,19
22,2017-10-16 00,4
22,2017-10-16 01,4
22,2017-10-16 02,2
22,2017-10-16 03,2
22,2017-10-16 04,2
22,2017-10-16 05,3
22,2017-10-16 06,10
22,2017-10-16 07,207
22,2017-10-16 08,221
22,2017-10-16 09,458
22,2017-10-16 10,311
22,2017-10-16 11,391
22,2017-10-16 12,504
22,2017-10-16 13,486
22,2017-10-16 14,309
22,2017-10-16 15,562.25
22,2017-10-16 16,256
22,2017-10-16 17,636
22,2017-10-16 18,410
22,2017-10-16 19,187
22,2017-10-16 20,202
22,2017-10-16 21,158
22,2017-10-16 22,153
22,2017-10-16 23,20
22,2017-10-17 00,4
22,2017-10-17 01,3
22,2017-10-17 02,4
22,2017-10-17 03,3
22,2017-10-17 04,3
22,2017-10-17 05,4
22,2017-10-17 06,18
22,2017-10-17 07,341.5
22,2017-10-17 08,252
22,2017-10-17 09,588
22,2017-10-17 10,326
22,2017-10-17 11,466
22,2017-10-17 12,450
22,2017-10-17 13,557
22,2017-10-17 14,355
22,2017-10-17 15,562.25
22,2017-10-17 16,287
22,2017-10-17 17,644.0
22,2017-10-17 18,470.0
22,2017-10-17 19,301.5
22,2017-10-17 20,285.5
22,2017-10-17 21,257.75
22,2017-10-17 22,162.5
22,2017-10-17 23,12
22,2017-10-18 00,1
22,2017-10-18 01,3
22,2017-10-18 02,1
22,2017-10-18 03,2
22,2017-10-18 04,2
22,2017-10-18 05,1
22,2017-10-18 06,9
22,2017-10-18 07,232
22,2017-10-18 08,334
22,2017-10-18 09,600
22,2017-10-18 10,344
22,2017-10-18 11,449
22,2017-10-18 12,395
22,2017-10-18 13,206
22,2017-10-18 14,253
22,2017-10-18 15,252
22,2017-10-18 16,335
22,2017-10-18 17,422
22,2017-10-18 18,350
22,2017-10-18 19,242
22,2017-10-18 20,285.5
22,2017-10-18 21,211
22,2017-10-18 22,149
22,2017-10-18 23,25
22,2017-10-19 00,2
22,2017-10-19 01,1
22,2017-10-19 02,3
22,2017-10-19 05,1
22,2017-10-19 06,5
22,2017-10-19 07,341.5
22,2017-10-19 08,242
22,2017-10-19 09,438
22,2017-10-19 10,202
22,2017-10-19 11,295
22,2017-10-19 12,439
22,2017-10-19 13,477
22,2017-10-19 14,261
22,2017-10-19 15,562.25
22,2017-10-19 16,192
22,2017-10-19 17,632
22,2017-10-19 18,467
22,2017-10-19 19,301.5
22,2017-10-19 20,285.5
22,2017-10-19 21,167
22,2017-10-19 22,36
22,2017-10-20 08,182
22,2017-10-20 09,654.0
22,2017-10-20 10,267
22,2017-10-20 11,325
22,2017-10-20 12,411
22,2017-10-20 13,439
22,2017-10-20 14,136
22,2017-10-20 15,486
22,2017-10-20 16,223
22,2017-10-20 17,489
22,2017-10-20 18,220
22,2017-10-20 19,168
22,2017-10-20 20,138
22,2017-10-20 21,168
22,2017-10-20 22,89
22,2017-10-20 23,14
22,2017-10-21 00,4
22,2017-10-21 01,2
22,2017-10-21 02,2
22,2017-10-21 03,2
22,2017-10-21 04,1
22,2017-10-21 05,2
22,2017-10-21 06,19
22,2017-10-21 07,29
22,2017-10-21 08,74
22,2017-10-21 09,135
22,2017-10-21 10,151
22,2017-10-21 11,230
22,2017-10-21 12,175
22,2017-10-21 13,116
22,2017-10-21 14,171
22,2017-10-21 15,131
22,2017-10-21 16,176
22,2017-10-21 17,325
22,2017-10-21 18,227
22,2017-10-21 19,151
22,2017-10-21 20,148
22,2017-10-21 21,118
22,2017-10-21 22,104
22,2017-10-21 23,25
22,2017-10-22 00,2
22,2017-10-22 01,2
22,2017-10-22 02,2
22,2017-10-22 03,2
22,2017-10-22 04,2
22,2017-10-22 05,1
22,2017-10-22 06,12
22,2017-10-22 07,48
22,2017-10-22 08,84
22,2017-10-22 09,86
22,2017-10-22 10,104
22,2017-10-22 11,158
22,2017-10-22 12,214
22,2017-10-22 13,140
22,2017-10-22 14,133
22,2017-10-22 15,157
22,2017-10-22 16,134
22,2017-10-22 17,259
22,2017-10-22 18,226
22,2017-10-22 19,178
22,2017-10-22 20,285.5
22,2017-10-22 21,257.75
22,2017-10-22 22,133
22,2017-10-22 23,42.5
22,2017-10-23 00,3
22,2017-10-23 01,2
22,2017-10-23 02,2
22,2017-10-23 03,1
22,2017-10-23 04,1
22,2017-10-23 05,1
22,2017-10-23 06,15
22,2017-10-23 07,176
22,2017-10-23 08,282
22,2017-10-23 09,372
22,2017-10-23 10,287
22,2017-10-23 11,380
22,2017-10-23 12,478
22,2017-10-23 13,413
22,2017-10-23 14,186
22,2017-10-23 15,535
22,2017-10-23 16,216
22,2017-10-23 17,644.0
22,2017-10-23 18,321
22,2017-10-23 19,179
22,2017-10-23 20,279
22,2017-10-23 21,207
22,2017-10-23 22,162.5
22,2017-10-23 23,17
22,2017-10-24 00,6
22,2017-10-24 01,4
22,2017-10-24 02,2
22,2017-10-24 03,3
22,2017-10-24 04,2
22,2017-10-24 05,4
22,2017-10-24 06,14
22,2017-10-24 07,308
22,2017-10-24 08,242
22,2017-10-24 09,428
22,2017-10-24 10,187
22,2017-10-24 11,370
22,2017-10-24 12,472
22,2017-10-24 13,540
22,2017-10-24 14,323
22,2017-10-24 15,562.25
22,2017-10-24 16,369.75
22,2017-10-24 17,644.0
22,2017-10-24 18,451
22,2017-10-24 19,291
22,2017-10-24 20,285.5
22,2017-10-24 21,214
22,2017-10-24 22,162.5
22,2017-10-24 23,18
22,2017-10-25 00,7
22,2017-10-25 01,5
22,2017-10-25 02,6
22,2017-10-25 03,6
22,2017-10-25 04,5
22,2017-10-25 05,5
22,2017-10-25 06,18
22,2017-10-25 07,294
22,2017-10-25 08,309
22,2017-10-25 09,654.0
22,2017-10-25 10,298
22,2017-10-25 11,473
22,2017-10-25 12,400
22,2017-10-25 13,241
22,2017-10-25 14,269
22,2017-10-25 15,365
22,2017-10-25 16,318
22,2017-10-25 17,558
22,2017-10-25 18,460
22,2017-10-25 19,301.5
22,2017-10-25 20,261
22,2017-10-25 21,257.75
22,2017-10-25 22,162.5
22,2017-10-25 23,18
22,2017-10-26 00,3
22,2017-10-26 01,3
22,2017-10-26 02,2
22,2017-10-26 03,2
22,2017-10-26 04,2
22,2017-10-26 05,4
22,2017-10-26 06,13
22,2017-10-26 07,260
22,2017-10-26 08,315
22,2017-10-26 09,566
22,2017-10-26 10,341
22,2017-10-26 11,408
22,2017-10-26 12,438
22,2017-10-26 13,416
22,2017-10-26 14,267
22,2017-10-26 15,526
22,2017-10-26 16,231
22,2017-10-26 17,541
22,2017-10-26 18,388
22,2017-10-26 19,268
22,2017-10-26 20,195
22,2017-10-26 21,184
22,2017-10-26 22,157
22,2017-10-26 23,13
22,2017-10-27 00,3
22,2017-10-27 01,2
22,2017-10-27 02,2
22,2017-10-27 03,3
22,2017-10-27 04,2
22,2017-10-27 05,2
22,2017-10-27 06,15
22,2017-10-27 07,293
22,2017-10-27 08,194
22,2017-10-27 09,543
22,2017-10-27 10,285
22,2017-10-27 11,262
22,2017-10-27 12,516
22,2017-10-27 13,462
22,2017-10-27 14,259
22,2017-10-27 15,459
22,2017-10-27 16,193
22,2017-10-27 17,384
22,2017-10-27 18,323
22,2017-10-27 19,219
22,2017-10-27 20,159
22,2017-10-27 21,156
22,2017-10-27 22,101
22,2017-10-27 23,35
22,2017-10-28 00,8
22,2017-10-28 01,3
22,2017-10-28 02,4
22,2017-10-28 03,4
22,2017-10-28 04,4
22,2017-10-28 05,2
22,2017-10-28 06,8
22,2017-10-28 07,115
22,2017-10-28 08,91
22,2017-10-28 09,130
22,2017-10-28 10,190
22,2017-10-28 11,262
22,2017-10-28 12,276
22,2017-10-28 13,246
22,2017-10-28 14,199
22,2017-10-28 15,176
22,2017-10-28 16,200
22,2017-10-28 17,195
22,2017-10-28 18,202
22,2017-10-28 19,150
22,2017-10-28 20,118
22,2017-10-28 21,145
22,2017-10-28 22,104
22,2017-10-28 23,17
22,2017-10-29 00,5
22,2017-10-29 01,3
22,2017-10-29 02,3
22,2017-10-29 03,2
22,2017-10-29 04,2
22,2017-10-29 05,2
22,2017-10-29 06,9
22,2017-10-29 07,30
22,2017-10-29 08,83
22,2017-10-29 09,101
22,2017-10-29 10,126
22,2017-10-29 11,211
22,2017-10-29 12,213
22,2017-10-29 13,140
22,2017-10-29 14,136
22,2017-10-29 15,119
22,2017-10-29 16,107
22,2017-10-29 17,215
22,2017-10-29 18,187
22,2017-10-29 19,177
22,2017-10-29 20,21
22,2017-10-30 08,156
22,2017-10-30 09,517
22,2017-10-30 10,423
22,2017-10-30 11,414
22,2017-10-30 12,486
22,2017-10-30 13,368
22,2017-10-30 14,232
22,2017-10-30 15,546
22,2017-10-30 16,173
22,2017-10-30 17,644.0
22,2017-10-30 18,283
22,2017-10-30 19,183
22,2017-10-30 20,196
22,2017-10-30 21,257.75
22,2017-10-30 22,162.5
22,2017-10-30 23,12
22,2017-10-31 00,1
22,2017-10-31 04,1
22,2017-10-31 06,15
22,2017-10-31 07,286
22,2017-10-31 08,249
22,2017-10-31 09,505
22,2017-10-31 10,350
22,2017-10-31 11,465
22,2017-10-31 12,450
22,2017-10-31 13,562.5
22,2017-10-31 14,316
22,2017-10-31 15,562.25
22,2017-10-31 16,339
22,2017-10-31 17,644.0
22,2017-10-31 18,423
22,2017-10-31 19,253
22,2017-10-31 20,253
22,2017-10-31 21,232
22,2017-10-31 22,143
22,2017-10-31 23,10
